........................................................................ [ 17%]
............................................EE.......................... [ 34%]
.........................................................EEEEE...sEEE... [ 51%]
.................E....................EEEE.EEEEEEEEEEEEE................ [ 68%]
........................................................................ [ 85%]
...............................EEEEEE.......................EE           [100%]
=================================== ERRORS ====================================
_____ ERROR at setup of test_cli_template_and_validation_are_offline[FBA] _____

cls = <class '_pytest.runner.CallInfo'>
func = <function call_and_report.<locals>.<lambda> at 0x000001845B84DA80>
when = 'setup'
reraise = (<class '_pytest.outcomes.Exit'>, <class 'KeyboardInterrupt'>)

    @classmethod
    def from_call(
        cls,
        func: Callable[[], TResult],
        when: Literal["collect", "setup", "call", "teardown"],
        reraise: type[BaseException] | tuple[type[BaseException], ...] | None = None,
    ) -> CallInfo[TResult]:
        """Call func, wrapping the result in a CallInfo.
    
        :param func:
            The function to call. Called without arguments.
        :type func: Callable[[], _pytest.runner.TResult]
        :param when:
            The phase in which the function is called.
        :param reraise:
            Exception or exceptions that shall propagate if raised by the
            function, instead of being wrapped in the CallInfo.
        """
        excinfo = None
        instant = timing.Instant()
        try:
>           result: TResult | None = func()
                                     ^^^^^^

.venv\Lib\site-packages\_pytest\runner.py:344: 
_ _ _ _ _ _ _ _ _ _ _ _ _ _ _ _ _ _ _ _ _ _ _ _ _ _ _ _ _ _ _ _ _ _ _ _ _ _ _ _
.venv\Lib\site-packages\_pytest\runner.py:246: in <lambda>
    lambda: runtest_hook(item=item, **kwds), when=when, reraise=reraise
            ^^^^^^^^^^^^^^^^^^^^^^^^^^^^^^^
.venv\Lib\site-packages\pluggy\_hooks.py:512: in __call__
    return self._hookexec(self.name, self._hookimpls.copy(), kwargs, firstresult)
           ^^^^^^^^^^^^^^^^^^^^^^^^^^^^^^^^^^^^^^^^^^^^^^^^^^^^^^^^^^^^^^^^^^^^^^
.venv\Lib\site-packages\pluggy\_manager.py:120: in _hookexec
    return self._inner_hookexec(hook_name, methods, kwargs, firstresult)
           ^^^^^^^^^^^^^^^^^^^^^^^^^^^^^^^^^^^^^^^^^^^^^^^^^^^^^^^^^^^^^
.venv\Lib\site-packages\_pytest\logging.py:843: in pytest_runtest_setup
    yield
.venv\Lib\site-packages\_pytest\capture.py:895: in pytest_runtest_setup
    return (yield)
            ^^^^^
.venv\Lib\site-packages\_pytest\runner.py:164: in pytest_runtest_setup
    item.session._setupstate.setup(item)
.venv\Lib\site-packages\_pytest\runner.py:514: in setup
    col.setup()
.venv\Lib\site-packages\_pytest\python.py:1674: in setup
    self._request._fillfixtures()
.venv\Lib\site-packages\_pytest\fixtures.py:719: in _fillfixtures
    item.funcargs[argname] = self.getfixturevalue(argname)
                             ^^^^^^^^^^^^^^^^^^^^^^^^^^^^^
.venv\Lib\site-packages\_pytest\fixtures.py:548: in getfixturevalue
    fixturedef = self._get_active_fixturedef(argname)
                 ^^^^^^^^^^^^^^^^^^^^^^^^^^^^^^^^^^^^
.venv\Lib\site-packages\_pytest\fixtures.py:639: in _get_active_fixturedef
    fixturedef.execute(request=subrequest)
.venv\Lib\site-packages\_pytest\fixtures.py:1127: in execute
    result = ihook.pytest_fixture_setup(fixturedef=self, request=request)
             ^^^^^^^^^^^^^^^^^^^^^^^^^^^^^^^^^^^^^^^^^^^^^^^^^^^^^^^^^^^^
.venv\Lib\site-packages\pluggy\_hooks.py:512: in __call__
    return self._hookexec(self.name, self._hookimpls.copy(), kwargs, firstresult)
           ^^^^^^^^^^^^^^^^^^^^^^^^^^^^^^^^^^^^^^^^^^^^^^^^^^^^^^^^^^^^^^^^^^^^^^
.venv\Lib\site-packages\pluggy\_manager.py:120: in _hookexec
    return self._inner_hookexec(hook_name, methods, kwargs, firstresult)
           ^^^^^^^^^^^^^^^^^^^^^^^^^^^^^^^^^^^^^^^^^^^^^^^^^^^^^^^^^^^^^
.venv\Lib\site-packages\pluggy\_callers.py:53: in run_old_style_hookwrapper
    return result.get_result()
           ^^^^^^^^^^^^^^^^^^^
.venv\Lib\site-packages\pluggy\_callers.py:38: in run_old_style_hookwrapper
    res = yield
          ^^^^^
.venv\Lib\site-packages\_pytest\setuponly.py:36: in pytest_fixture_setup
    return (yield)
            ^^^^^
.venv\Lib\site-packages\_pytest\fixtures.py:1195: in pytest_fixture_setup
    result = call_fixture_func(fixturefunc, request, kwargs)
             ^^^^^^^^^^^^^^^^^^^^^^^^^^^^^^^^^^^^^^^^^^^^^^^
.venv\Lib\site-packages\_pytest\fixtures.py:922: in call_fixture_func
    fixture_result = next(generator)
                     ^^^^^^^^^^^^^^^
.venv\Lib\site-packages\_pytest\tmpdir.py:264: in tmp_path
    path = _mk_tmp(request, tmp_path_factory)
           ^^^^^^^^^^^^^^^^^^^^^^^^^^^^^^^^^^
.venv\Lib\site-packages\_pytest\tmpdir.py:251: in _mk_tmp
    return factory.mktemp(name, numbered=True)
           ^^^^^^^^^^^^^^^^^^^^^^^^^^^^^^^^^^^
.venv\Lib\site-packages\_pytest\tmpdir.py:130: in mktemp
    basename = self._ensure_relative_to_basetemp(basename)
               ^^^^^^^^^^^^^^^^^^^^^^^^^^^^^^^^^^^^^^^^^^^
.venv\Lib\site-packages\_pytest\tmpdir.py:111: in _ensure_relative_to_basetemp
    if (self.getbasetemp() / basename).resolve().parent != self.getbasetemp():
        ^^^^^^^^^^^^^^^^^^
.venv\Lib\site-packages\_pytest\tmpdir.py:186: in getbasetemp
    basetemp = make_numbered_dir_with_cleanup(
.venv\Lib\site-packages\_pytest\pathlib.py:407: in make_numbered_dir_with_cleanup
    raise e
.venv\Lib\site-packages\_pytest\pathlib.py:388: in make_numbered_dir_with_cleanup
    p = make_numbered_dir(root, prefix, mode)
        ^^^^^^^^^^^^^^^^^^^^^^^^^^^^^^^^^^^^^
.venv\Lib\site-packages\_pytest\pathlib.py:229: in make_numbered_dir
    max_existing = max(map(parse_num, find_suffixes(root, prefix)), default=-1)
                   ^^^^^^^^^^^^^^^^^^^^^^^^^^^^^^^^^^^^^^^^^^^^^^^^^^^^^^^^^^^^
.venv\Lib\site-packages\_pytest\pathlib.py:188: in extract_suffixes
    for entry in iter:
                 ^^^^
_ _ _ _ _ _ _ _ _ _ _ _ _ _ _ _ _ _ _ _ _ _ _ _ _ _ _ _ _ _ _ _ _ _ _ _ _ _ _ _

root = WindowsPath('C:/Users/XL/AppData/Local/Temp/pytest-of-XL')
prefix = 'pytest-'

    def find_prefixed(root: Path, prefix: str) -> Iterator[os.DirEntry[str]]:
        """Find all elements in root that begin with the prefix, case-insensitive."""
        l_prefix = prefix.lower()
>       for x in os.scandir(root):
                 ^^^^^^^^^^^^^^^^
E       PermissionError: [WinError 5] 拒绝访问。: 'C:\\Users\\XL\\AppData\\Local\\Temp\\pytest-of-XL'

.venv\Lib\site-packages\_pytest\pathlib.py:176: PermissionError
___ ERROR at setup of test_cli_template_and_validation_are_offline[PRIVATE] ___

cls = <class '_pytest.runner.CallInfo'>
func = <function call_and_report.<locals>.<lambda> at 0x000001845B753F60>
when = 'setup'
reraise = (<class '_pytest.outcomes.Exit'>, <class 'KeyboardInterrupt'>)

    @classmethod
    def from_call(
        cls,
        func: Callable[[], TResult],
        when: Literal["collect", "setup", "call", "teardown"],
        reraise: type[BaseException] | tuple[type[BaseException], ...] | None = None,
    ) -> CallInfo[TResult]:
        """Call func, wrapping the result in a CallInfo.
    
        :param func:
            The function to call. Called without arguments.
        :type func: Callable[[], _pytest.runner.TResult]
        :param when:
            The phase in which the function is called.
        :param reraise:
            Exception or exceptions that shall propagate if raised by the
            function, instead of being wrapped in the CallInfo.
        """
        excinfo = None
        instant = timing.Instant()
        try:
>           result: TResult | None = func()
                                     ^^^^^^

.venv\Lib\site-packages\_pytest\runner.py:344: 
_ _ _ _ _ _ _ _ _ _ _ _ _ _ _ _ _ _ _ _ _ _ _ _ _ _ _ _ _ _ _ _ _ _ _ _ _ _ _ _
.venv\Lib\site-packages\_pytest\runner.py:246: in <lambda>
    lambda: runtest_hook(item=item, **kwds), when=when, reraise=reraise
            ^^^^^^^^^^^^^^^^^^^^^^^^^^^^^^^
.venv\Lib\site-packages\pluggy\_hooks.py:512: in __call__
    return self._hookexec(self.name, self._hookimpls.copy(), kwargs, firstresult)
           ^^^^^^^^^^^^^^^^^^^^^^^^^^^^^^^^^^^^^^^^^^^^^^^^^^^^^^^^^^^^^^^^^^^^^^
.venv\Lib\site-packages\pluggy\_manager.py:120: in _hookexec
    return self._inner_hookexec(hook_name, methods, kwargs, firstresult)
           ^^^^^^^^^^^^^^^^^^^^^^^^^^^^^^^^^^^^^^^^^^^^^^^^^^^^^^^^^^^^^
.venv\Lib\site-packages\_pytest\logging.py:843: in pytest_runtest_setup
    yield
.venv\Lib\site-packages\_pytest\capture.py:895: in pytest_runtest_setup
    return (yield)
            ^^^^^
.venv\Lib\site-packages\_pytest\runner.py:164: in pytest_runtest_setup
    item.session._setupstate.setup(item)
.venv\Lib\site-packages\_pytest\runner.py:514: in setup
    col.setup()
.venv\Lib\site-packages\_pytest\python.py:1674: in setup
    self._request._fillfixtures()
.venv\Lib\site-packages\_pytest\fixtures.py:719: in _fillfixtures
    item.funcargs[argname] = self.getfixturevalue(argname)
                             ^^^^^^^^^^^^^^^^^^^^^^^^^^^^^
.venv\Lib\site-packages\_pytest\fixtures.py:548: in getfixturevalue
    fixturedef = self._get_active_fixturedef(argname)
                 ^^^^^^^^^^^^^^^^^^^^^^^^^^^^^^^^^^^^
.venv\Lib\site-packages\_pytest\fixtures.py:639: in _get_active_fixturedef
    fixturedef.execute(request=subrequest)
.venv\Lib\site-packages\_pytest\fixtures.py:1127: in execute
    result = ihook.pytest_fixture_setup(fixturedef=self, request=request)
             ^^^^^^^^^^^^^^^^^^^^^^^^^^^^^^^^^^^^^^^^^^^^^^^^^^^^^^^^^^^^
.venv\Lib\site-packages\pluggy\_hooks.py:512: in __call__
    return self._hookexec(self.name, self._hookimpls.copy(), kwargs, firstresult)
           ^^^^^^^^^^^^^^^^^^^^^^^^^^^^^^^^^^^^^^^^^^^^^^^^^^^^^^^^^^^^^^^^^^^^^^
.venv\Lib\site-packages\pluggy\_manager.py:120: in _hookexec
    return self._inner_hookexec(hook_name, methods, kwargs, firstresult)
           ^^^^^^^^^^^^^^^^^^^^^^^^^^^^^^^^^^^^^^^^^^^^^^^^^^^^^^^^^^^^^
.venv\Lib\site-packages\pluggy\_callers.py:53: in run_old_style_hookwrapper
    return result.get_result()
           ^^^^^^^^^^^^^^^^^^^
.venv\Lib\site-packages\pluggy\_callers.py:38: in run_old_style_hookwrapper
    res = yield
          ^^^^^
.venv\Lib\site-packages\_pytest\setuponly.py:36: in pytest_fixture_setup
    return (yield)
            ^^^^^
.venv\Lib\site-packages\_pytest\fixtures.py:1195: in pytest_fixture_setup
    result = call_fixture_func(fixturefunc, request, kwargs)
             ^^^^^^^^^^^^^^^^^^^^^^^^^^^^^^^^^^^^^^^^^^^^^^^
.venv\Lib\site-packages\_pytest\fixtures.py:922: in call_fixture_func
    fixture_result = next(generator)
                     ^^^^^^^^^^^^^^^
.venv\Lib\site-packages\_pytest\tmpdir.py:264: in tmp_path
    path = _mk_tmp(request, tmp_path_factory)
           ^^^^^^^^^^^^^^^^^^^^^^^^^^^^^^^^^^
.venv\Lib\site-packages\_pytest\tmpdir.py:251: in _mk_tmp
    return factory.mktemp(name, numbered=True)
           ^^^^^^^^^^^^^^^^^^^^^^^^^^^^^^^^^^^
.venv\Lib\site-packages\_pytest\tmpdir.py:130: in mktemp
    basename = self._ensure_relative_to_basetemp(basename)
               ^^^^^^^^^^^^^^^^^^^^^^^^^^^^^^^^^^^^^^^^^^^
.venv\Lib\site-packages\_pytest\tmpdir.py:111: in _ensure_relative_to_basetemp
    if (self.getbasetemp() / basename).resolve().parent != self.getbasetemp():
        ^^^^^^^^^^^^^^^^^^
.venv\Lib\site-packages\_pytest\tmpdir.py:186: in getbasetemp
    basetemp = make_numbered_dir_with_cleanup(
.venv\Lib\site-packages\_pytest\pathlib.py:407: in make_numbered_dir_with_cleanup
    raise e
.venv\Lib\site-packages\_pytest\pathlib.py:388: in make_numbered_dir_with_cleanup
    p = make_numbered_dir(root, prefix, mode)
        ^^^^^^^^^^^^^^^^^^^^^^^^^^^^^^^^^^^^^
.venv\Lib\site-packages\_pytest\pathlib.py:229: in make_numbered_dir
    max_existing = max(map(parse_num, find_suffixes(root, prefix)), default=-1)
                   ^^^^^^^^^^^^^^^^^^^^^^^^^^^^^^^^^^^^^^^^^^^^^^^^^^^^^^^^^^^^
.venv\Lib\site-packages\_pytest\pathlib.py:188: in extract_suffixes
    for entry in iter:
                 ^^^^
_ _ _ _ _ _ _ _ _ _ _ _ _ _ _ _ _ _ _ _ _ _ _ _ _ _ _ _ _ _ _ _ _ _ _ _ _ _ _ _

root = WindowsPath('C:/Users/XL/AppData/Local/Temp/pytest-of-XL')
prefix = 'pytest-'

    def find_prefixed(root: Path, prefix: str) -> Iterator[os.DirEntry[str]]:
        """Find all elements in root that begin with the prefix, case-insensitive."""
        l_prefix = prefix.lower()
>       for x in os.scandir(root):
                 ^^^^^^^^^^^^^^^^
E       PermissionError: [WinError 5] 拒绝访问。: 'C:\\Users\\XL\\AppData\\Local\\Temp\\pytest-of-XL'

.venv\Lib\site-packages\_pytest\pathlib.py:176: PermissionError
___ ERROR at setup of test_same_and_cross_file_duplicate_and_legal_details ____

cls = <class '_pytest.runner.CallInfo'>
func = <function call_and_report.<locals>.<lambda> at 0x000001845BA24900>
when = 'setup'
reraise = (<class '_pytest.outcomes.Exit'>, <class 'KeyboardInterrupt'>)

    @classmethod
    def from_call(
        cls,
        func: Callable[[], TResult],
        when: Literal["collect", "setup", "call", "teardown"],
        reraise: type[BaseException] | tuple[type[BaseException], ...] | None = None,
    ) -> CallInfo[TResult]:
        """Call func, wrapping the result in a CallInfo.
    
        :param func:
            The function to call. Called without arguments.
        :type func: Callable[[], _pytest.runner.TResult]
        :param when:
            The phase in which the function is called.
        :param reraise:
            Exception or exceptions that shall propagate if raised by the
            function, instead of being wrapped in the CallInfo.
        """
        excinfo = None
        instant = timing.Instant()
        try:
>           result: TResult | None = func()
                                     ^^^^^^

.venv\Lib\site-packages\_pytest\runner.py:344: 
_ _ _ _ _ _ _ _ _ _ _ _ _ _ _ _ _ _ _ _ _ _ _ _ _ _ _ _ _ _ _ _ _ _ _ _ _ _ _ _
.venv\Lib\site-packages\_pytest\runner.py:246: in <lambda>
    lambda: runtest_hook(item=item, **kwds), when=when, reraise=reraise
            ^^^^^^^^^^^^^^^^^^^^^^^^^^^^^^^
.venv\Lib\site-packages\pluggy\_hooks.py:512: in __call__
    return self._hookexec(self.name, self._hookimpls.copy(), kwargs, firstresult)
           ^^^^^^^^^^^^^^^^^^^^^^^^^^^^^^^^^^^^^^^^^^^^^^^^^^^^^^^^^^^^^^^^^^^^^^
.venv\Lib\site-packages\pluggy\_manager.py:120: in _hookexec
    return self._inner_hookexec(hook_name, methods, kwargs, firstresult)
           ^^^^^^^^^^^^^^^^^^^^^^^^^^^^^^^^^^^^^^^^^^^^^^^^^^^^^^^^^^^^^
.venv\Lib\site-packages\_pytest\logging.py:843: in pytest_runtest_setup
    yield
.venv\Lib\site-packages\_pytest\capture.py:895: in pytest_runtest_setup
    return (yield)
            ^^^^^
.venv\Lib\site-packages\_pytest\runner.py:164: in pytest_runtest_setup
    item.session._setupstate.setup(item)
.venv\Lib\site-packages\_pytest\runner.py:514: in setup
    col.setup()
.venv\Lib\site-packages\_pytest\python.py:1674: in setup
    self._request._fillfixtures()
.venv\Lib\site-packages\_pytest\fixtures.py:719: in _fillfixtures
    item.funcargs[argname] = self.getfixturevalue(argname)
                             ^^^^^^^^^^^^^^^^^^^^^^^^^^^^^
.venv\Lib\site-packages\_pytest\fixtures.py:548: in getfixturevalue
    fixturedef = self._get_active_fixturedef(argname)
                 ^^^^^^^^^^^^^^^^^^^^^^^^^^^^^^^^^^^^
.venv\Lib\site-packages\_pytest\fixtures.py:639: in _get_active_fixturedef
    fixturedef.execute(request=subrequest)
.venv\Lib\site-packages\_pytest\fixtures.py:1127: in execute
    result = ihook.pytest_fixture_setup(fixturedef=self, request=request)
             ^^^^^^^^^^^^^^^^^^^^^^^^^^^^^^^^^^^^^^^^^^^^^^^^^^^^^^^^^^^^
.venv\Lib\site-packages\pluggy\_hooks.py:512: in __call__
    return self._hookexec(self.name, self._hookimpls.copy(), kwargs, firstresult)
           ^^^^^^^^^^^^^^^^^^^^^^^^^^^^^^^^^^^^^^^^^^^^^^^^^^^^^^^^^^^^^^^^^^^^^^
.venv\Lib\site-packages\pluggy\_manager.py:120: in _hookexec
    return self._inner_hookexec(hook_name, methods, kwargs, firstresult)
           ^^^^^^^^^^^^^^^^^^^^^^^^^^^^^^^^^^^^^^^^^^^^^^^^^^^^^^^^^^^^^
.venv\Lib\site-packages\pluggy\_callers.py:53: in run_old_style_hookwrapper
    return result.get_result()
           ^^^^^^^^^^^^^^^^^^^
.venv\Lib\site-packages\pluggy\_callers.py:38: in run_old_style_hookwrapper
    res = yield
          ^^^^^
.venv\Lib\site-packages\_pytest\setuponly.py:36: in pytest_fixture_setup
    return (yield)
            ^^^^^
.venv\Lib\site-packages\_pytest\fixtures.py:1195: in pytest_fixture_setup
    result = call_fixture_func(fixturefunc, request, kwargs)
             ^^^^^^^^^^^^^^^^^^^^^^^^^^^^^^^^^^^^^^^^^^^^^^^
.venv\Lib\site-packages\_pytest\fixtures.py:922: in call_fixture_func
    fixture_result = next(generator)
                     ^^^^^^^^^^^^^^^
.venv\Lib\site-packages\_pytest\tmpdir.py:264: in tmp_path
    path = _mk_tmp(request, tmp_path_factory)
           ^^^^^^^^^^^^^^^^^^^^^^^^^^^^^^^^^^
.venv\Lib\site-packages\_pytest\tmpdir.py:251: in _mk_tmp
    return factory.mktemp(name, numbered=True)
           ^^^^^^^^^^^^^^^^^^^^^^^^^^^^^^^^^^^
.venv\Lib\site-packages\_pytest\tmpdir.py:130: in mktemp
    basename = self._ensure_relative_to_basetemp(basename)
               ^^^^^^^^^^^^^^^^^^^^^^^^^^^^^^^^^^^^^^^^^^^
.venv\Lib\site-packages\_pytest\tmpdir.py:111: in _ensure_relative_to_basetemp
    if (self.getbasetemp() / basename).resolve().parent != self.getbasetemp():
        ^^^^^^^^^^^^^^^^^^
.venv\Lib\site-packages\_pytest\tmpdir.py:186: in getbasetemp
    basetemp = make_numbered_dir_with_cleanup(
.venv\Lib\site-packages\_pytest\pathlib.py:407: in make_numbered_dir_with_cleanup
    raise e
.venv\Lib\site-packages\_pytest\pathlib.py:388: in make_numbered_dir_with_cleanup
    p = make_numbered_dir(root, prefix, mode)
        ^^^^^^^^^^^^^^^^^^^^^^^^^^^^^^^^^^^^^
.venv\Lib\site-packages\_pytest\pathlib.py:229: in make_numbered_dir
    max_existing = max(map(parse_num, find_suffixes(root, prefix)), default=-1)
                   ^^^^^^^^^^^^^^^^^^^^^^^^^^^^^^^^^^^^^^^^^^^^^^^^^^^^^^^^^^^^
.venv\Lib\site-packages\_pytest\pathlib.py:188: in extract_suffixes
    for entry in iter:
                 ^^^^
_ _ _ _ _ _ _ _ _ _ _ _ _ _ _ _ _ _ _ _ _ _ _ _ _ _ _ _ _ _ _ _ _ _ _ _ _ _ _ _

root = WindowsPath('C:/Users/XL/AppData/Local/Temp/pytest-of-XL')
prefix = 'pytest-'

    def find_prefixed(root: Path, prefix: str) -> Iterator[os.DirEntry[str]]:
        """Find all elements in root that begin with the prefix, case-insensitive."""
        l_prefix = prefix.lower()
>       for x in os.scandir(root):
                 ^^^^^^^^^^^^^^^^
E       PermissionError: [WinError 5] 拒绝访问。: 'C:\\Users\\XL\\AppData\\Local\\Temp\\pytest-of-XL'

.venv\Lib\site-packages\_pytest\pathlib.py:176: PermissionError
_____ ERROR at setup of test_revision_conflict_update_and_reverse_update ______

cls = <class '_pytest.runner.CallInfo'>
func = <function call_and_report.<locals>.<lambda> at 0x000001845C0F7920>
when = 'setup'
reraise = (<class '_pytest.outcomes.Exit'>, <class 'KeyboardInterrupt'>)

    @classmethod
    def from_call(
        cls,
        func: Callable[[], TResult],
        when: Literal["collect", "setup", "call", "teardown"],
        reraise: type[BaseException] | tuple[type[BaseException], ...] | None = None,
    ) -> CallInfo[TResult]:
        """Call func, wrapping the result in a CallInfo.
    
        :param func:
            The function to call. Called without arguments.
        :type func: Callable[[], _pytest.runner.TResult]
        :param when:
            The phase in which the function is called.
        :param reraise:
            Exception or exceptions that shall propagate if raised by the
            function, instead of being wrapped in the CallInfo.
        """
        excinfo = None
        instant = timing.Instant()
        try:
>           result: TResult | None = func()
                                     ^^^^^^

.venv\Lib\site-packages\_pytest\runner.py:344: 
_ _ _ _ _ _ _ _ _ _ _ _ _ _ _ _ _ _ _ _ _ _ _ _ _ _ _ _ _ _ _ _ _ _ _ _ _ _ _ _
.venv\Lib\site-packages\_pytest\runner.py:246: in <lambda>
    lambda: runtest_hook(item=item, **kwds), when=when, reraise=reraise
            ^^^^^^^^^^^^^^^^^^^^^^^^^^^^^^^
.venv\Lib\site-packages\pluggy\_hooks.py:512: in __call__
    return self._hookexec(self.name, self._hookimpls.copy(), kwargs, firstresult)
           ^^^^^^^^^^^^^^^^^^^^^^^^^^^^^^^^^^^^^^^^^^^^^^^^^^^^^^^^^^^^^^^^^^^^^^
.venv\Lib\site-packages\pluggy\_manager.py:120: in _hookexec
    return self._inner_hookexec(hook_name, methods, kwargs, firstresult)
           ^^^^^^^^^^^^^^^^^^^^^^^^^^^^^^^^^^^^^^^^^^^^^^^^^^^^^^^^^^^^^
.venv\Lib\site-packages\_pytest\logging.py:843: in pytest_runtest_setup
    yield
.venv\Lib\site-packages\_pytest\capture.py:895: in pytest_runtest_setup
    return (yield)
            ^^^^^
.venv\Lib\site-packages\_pytest\runner.py:164: in pytest_runtest_setup
    item.session._setupstate.setup(item)
.venv\Lib\site-packages\_pytest\runner.py:514: in setup
    col.setup()
.venv\Lib\site-packages\_pytest\python.py:1674: in setup
    self._request._fillfixtures()
.venv\Lib\site-packages\_pytest\fixtures.py:719: in _fillfixtures
    item.funcargs[argname] = self.getfixturevalue(argname)
                             ^^^^^^^^^^^^^^^^^^^^^^^^^^^^^
.venv\Lib\site-packages\_pytest\fixtures.py:548: in getfixturevalue
    fixturedef = self._get_active_fixturedef(argname)
                 ^^^^^^^^^^^^^^^^^^^^^^^^^^^^^^^^^^^^
.venv\Lib\site-packages\_pytest\fixtures.py:639: in _get_active_fixturedef
    fixturedef.execute(request=subrequest)
.venv\Lib\site-packages\_pytest\fixtures.py:1127: in execute
    result = ihook.pytest_fixture_setup(fixturedef=self, request=request)
             ^^^^^^^^^^^^^^^^^^^^^^^^^^^^^^^^^^^^^^^^^^^^^^^^^^^^^^^^^^^^
.venv\Lib\site-packages\pluggy\_hooks.py:512: in __call__
    return self._hookexec(self.name, self._hookimpls.copy(), kwargs, firstresult)
           ^^^^^^^^^^^^^^^^^^^^^^^^^^^^^^^^^^^^^^^^^^^^^^^^^^^^^^^^^^^^^^^^^^^^^^
.venv\Lib\site-packages\pluggy\_manager.py:120: in _hookexec
    return self._inner_hookexec(hook_name, methods, kwargs, firstresult)
           ^^^^^^^^^^^^^^^^^^^^^^^^^^^^^^^^^^^^^^^^^^^^^^^^^^^^^^^^^^^^^
.venv\Lib\site-packages\pluggy\_callers.py:53: in run_old_style_hookwrapper
    return result.get_result()
           ^^^^^^^^^^^^^^^^^^^
.venv\Lib\site-packages\pluggy\_callers.py:38: in run_old_style_hookwrapper
    res = yield
          ^^^^^
.venv\Lib\site-packages\_pytest\setuponly.py:36: in pytest_fixture_setup
    return (yield)
            ^^^^^
.venv\Lib\site-packages\_pytest\fixtures.py:1195: in pytest_fixture_setup
    result = call_fixture_func(fixturefunc, request, kwargs)
             ^^^^^^^^^^^^^^^^^^^^^^^^^^^^^^^^^^^^^^^^^^^^^^^
.venv\Lib\site-packages\_pytest\fixtures.py:922: in call_fixture_func
    fixture_result = next(generator)
                     ^^^^^^^^^^^^^^^
.venv\Lib\site-packages\_pytest\tmpdir.py:264: in tmp_path
    path = _mk_tmp(request, tmp_path_factory)
           ^^^^^^^^^^^^^^^^^^^^^^^^^^^^^^^^^^
.venv\Lib\site-packages\_pytest\tmpdir.py:251: in _mk_tmp
    return factory.mktemp(name, numbered=True)
           ^^^^^^^^^^^^^^^^^^^^^^^^^^^^^^^^^^^
.venv\Lib\site-packages\_pytest\tmpdir.py:130: in mktemp
    basename = self._ensure_relative_to_basetemp(basename)
               ^^^^^^^^^^^^^^^^^^^^^^^^^^^^^^^^^^^^^^^^^^^
.venv\Lib\site-packages\_pytest\tmpdir.py:111: in _ensure_relative_to_basetemp
    if (self.getbasetemp() / basename).resolve().parent != self.getbasetemp():
        ^^^^^^^^^^^^^^^^^^
.venv\Lib\site-packages\_pytest\tmpdir.py:186: in getbasetemp
    basetemp = make_numbered_dir_with_cleanup(
.venv\Lib\site-packages\_pytest\pathlib.py:407: in make_numbered_dir_with_cleanup
    raise e
.venv\Lib\site-packages\_pytest\pathlib.py:388: in make_numbered_dir_with_cleanup
    p = make_numbered_dir(root, prefix, mode)
        ^^^^^^^^^^^^^^^^^^^^^^^^^^^^^^^^^^^^^
.venv\Lib\site-packages\_pytest\pathlib.py:229: in make_numbered_dir
    max_existing = max(map(parse_num, find_suffixes(root, prefix)), default=-1)
                   ^^^^^^^^^^^^^^^^^^^^^^^^^^^^^^^^^^^^^^^^^^^^^^^^^^^^^^^^^^^^
.venv\Lib\site-packages\_pytest\pathlib.py:188: in extract_suffixes
    for entry in iter:
                 ^^^^
_ _ _ _ _ _ _ _ _ _ _ _ _ _ _ _ _ _ _ _ _ _ _ _ _ _ _ _ _ _ _ _ _ _ _ _ _ _ _ _

root = WindowsPath('C:/Users/XL/AppData/Local/Temp/pytest-of-XL')
prefix = 'pytest-'

    def find_prefixed(root: Path, prefix: str) -> Iterator[os.DirEntry[str]]:
        """Find all elements in root that begin with the prefix, case-insensitive."""
        l_prefix = prefix.lower()
>       for x in os.scandir(root):
                 ^^^^^^^^^^^^^^^^
E       PermissionError: [WinError 5] 拒绝访问。: 'C:\\Users\\XL\\AppData\\Local\\Temp\\pytest-of-XL'

.venv\Lib\site-packages\_pytest\pathlib.py:176: PermissionError
________ ERROR at setup of test_business_collision_rejected_atomically ________

cls = <class '_pytest.runner.CallInfo'>
func = <function call_and_report.<locals>.<lambda> at 0x000001845C0F45E0>
when = 'setup'
reraise = (<class '_pytest.outcomes.Exit'>, <class 'KeyboardInterrupt'>)

    @classmethod
    def from_call(
        cls,
        func: Callable[[], TResult],
        when: Literal["collect", "setup", "call", "teardown"],
        reraise: type[BaseException] | tuple[type[BaseException], ...] | None = None,
    ) -> CallInfo[TResult]:
        """Call func, wrapping the result in a CallInfo.
    
        :param func:
            The function to call. Called without arguments.
        :type func: Callable[[], _pytest.runner.TResult]
        :param when:
            The phase in which the function is called.
        :param reraise:
            Exception or exceptions that shall propagate if raised by the
            function, instead of being wrapped in the CallInfo.
        """
        excinfo = None
        instant = timing.Instant()
        try:
>           result: TResult | None = func()
                                     ^^^^^^

.venv\Lib\site-packages\_pytest\runner.py:344: 
_ _ _ _ _ _ _ _ _ _ _ _ _ _ _ _ _ _ _ _ _ _ _ _ _ _ _ _ _ _ _ _ _ _ _ _ _ _ _ _
.venv\Lib\site-packages\_pytest\runner.py:246: in <lambda>
    lambda: runtest_hook(item=item, **kwds), when=when, reraise=reraise
            ^^^^^^^^^^^^^^^^^^^^^^^^^^^^^^^
.venv\Lib\site-packages\pluggy\_hooks.py:512: in __call__
    return self._hookexec(self.name, self._hookimpls.copy(), kwargs, firstresult)
           ^^^^^^^^^^^^^^^^^^^^^^^^^^^^^^^^^^^^^^^^^^^^^^^^^^^^^^^^^^^^^^^^^^^^^^
.venv\Lib\site-packages\pluggy\_manager.py:120: in _hookexec
    return self._inner_hookexec(hook_name, methods, kwargs, firstresult)
           ^^^^^^^^^^^^^^^^^^^^^^^^^^^^^^^^^^^^^^^^^^^^^^^^^^^^^^^^^^^^^
.venv\Lib\site-packages\_pytest\logging.py:843: in pytest_runtest_setup
    yield
.venv\Lib\site-packages\_pytest\capture.py:895: in pytest_runtest_setup
    return (yield)
            ^^^^^
.venv\Lib\site-packages\_pytest\runner.py:164: in pytest_runtest_setup
    item.session._setupstate.setup(item)
.venv\Lib\site-packages\_pytest\runner.py:514: in setup
    col.setup()
.venv\Lib\site-packages\_pytest\python.py:1674: in setup
    self._request._fillfixtures()
.venv\Lib\site-packages\_pytest\fixtures.py:719: in _fillfixtures
    item.funcargs[argname] = self.getfixturevalue(argname)
                             ^^^^^^^^^^^^^^^^^^^^^^^^^^^^^
.venv\Lib\site-packages\_pytest\fixtures.py:548: in getfixturevalue
    fixturedef = self._get_active_fixturedef(argname)
                 ^^^^^^^^^^^^^^^^^^^^^^^^^^^^^^^^^^^^
.venv\Lib\site-packages\_pytest\fixtures.py:639: in _get_active_fixturedef
    fixturedef.execute(request=subrequest)
.venv\Lib\site-packages\_pytest\fixtures.py:1127: in execute
    result = ihook.pytest_fixture_setup(fixturedef=self, request=request)
             ^^^^^^^^^^^^^^^^^^^^^^^^^^^^^^^^^^^^^^^^^^^^^^^^^^^^^^^^^^^^
.venv\Lib\site-packages\pluggy\_hooks.py:512: in __call__
    return self._hookexec(self.name, self._hookimpls.copy(), kwargs, firstresult)
           ^^^^^^^^^^^^^^^^^^^^^^^^^^^^^^^^^^^^^^^^^^^^^^^^^^^^^^^^^^^^^^^^^^^^^^
.venv\Lib\site-packages\pluggy\_manager.py:120: in _hookexec
    return self._inner_hookexec(hook_name, methods, kwargs, firstresult)
           ^^^^^^^^^^^^^^^^^^^^^^^^^^^^^^^^^^^^^^^^^^^^^^^^^^^^^^^^^^^^^
.venv\Lib\site-packages\pluggy\_callers.py:53: in run_old_style_hookwrapper
    return result.get_result()
           ^^^^^^^^^^^^^^^^^^^
.venv\Lib\site-packages\pluggy\_callers.py:38: in run_old_style_hookwrapper
    res = yield
          ^^^^^
.venv\Lib\site-packages\_pytest\setuponly.py:36: in pytest_fixture_setup
    return (yield)
            ^^^^^
.venv\Lib\site-packages\_pytest\fixtures.py:1195: in pytest_fixture_setup
    result = call_fixture_func(fixturefunc, request, kwargs)
             ^^^^^^^^^^^^^^^^^^^^^^^^^^^^^^^^^^^^^^^^^^^^^^^
.venv\Lib\site-packages\_pytest\fixtures.py:922: in call_fixture_func
    fixture_result = next(generator)
                     ^^^^^^^^^^^^^^^
.venv\Lib\site-packages\_pytest\tmpdir.py:264: in tmp_path
    path = _mk_tmp(request, tmp_path_factory)
           ^^^^^^^^^^^^^^^^^^^^^^^^^^^^^^^^^^
.venv\Lib\site-packages\_pytest\tmpdir.py:251: in _mk_tmp
    return factory.mktemp(name, numbered=True)
           ^^^^^^^^^^^^^^^^^^^^^^^^^^^^^^^^^^^
.venv\Lib\site-packages\_pytest\tmpdir.py:130: in mktemp
    basename = self._ensure_relative_to_basetemp(basename)
               ^^^^^^^^^^^^^^^^^^^^^^^^^^^^^^^^^^^^^^^^^^^
.venv\Lib\site-packages\_pytest\tmpdir.py:111: in _ensure_relative_to_basetemp
    if (self.getbasetemp() / basename).resolve().parent != self.getbasetemp():
        ^^^^^^^^^^^^^^^^^^
.venv\Lib\site-packages\_pytest\tmpdir.py:186: in getbasetemp
    basetemp = make_numbered_dir_with_cleanup(
.venv\Lib\site-packages\_pytest\pathlib.py:407: in make_numbered_dir_with_cleanup
    raise e
.venv\Lib\site-packages\_pytest\pathlib.py:388: in make_numbered_dir_with_cleanup
    p = make_numbered_dir(root, prefix, mode)
        ^^^^^^^^^^^^^^^^^^^^^^^^^^^^^^^^^^^^^
.venv\Lib\site-packages\_pytest\pathlib.py:229: in make_numbered_dir
    max_existing = max(map(parse_num, find_suffixes(root, prefix)), default=-1)
                   ^^^^^^^^^^^^^^^^^^^^^^^^^^^^^^^^^^^^^^^^^^^^^^^^^^^^^^^^^^^^
.venv\Lib\site-packages\_pytest\pathlib.py:188: in extract_suffixes
    for entry in iter:
                 ^^^^
_ _ _ _ _ _ _ _ _ _ _ _ _ _ _ _ _ _ _ _ _ _ _ _ _ _ _ _ _ _ _ _ _ _ _ _ _ _ _ _

root = WindowsPath('C:/Users/XL/AppData/Local/Temp/pytest-of-XL')
prefix = 'pytest-'

    def find_prefixed(root: Path, prefix: str) -> Iterator[os.DirEntry[str]]:
        """Find all elements in root that begin with the prefix, case-insensitive."""
        l_prefix = prefix.lower()
>       for x in os.scandir(root):
                 ^^^^^^^^^^^^^^^^
E       PermissionError: [WinError 5] 拒绝访问。: 'C:\\Users\\XL\\AppData\\Local\\Temp\\pytest-of-XL'

.venv\Lib\site-packages\_pytest\pathlib.py:176: PermissionError
__________ ERROR at setup of test_history_no_stock_and_safe_rollback __________

cls = <class '_pytest.runner.CallInfo'>
func = <function call_and_report.<locals>.<lambda> at 0x000001845C0F6980>
when = 'setup'
reraise = (<class '_pytest.outcomes.Exit'>, <class 'KeyboardInterrupt'>)

    @classmethod
    def from_call(
        cls,
        func: Callable[[], TResult],
        when: Literal["collect", "setup", "call", "teardown"],
        reraise: type[BaseException] | tuple[type[BaseException], ...] | None = None,
    ) -> CallInfo[TResult]:
        """Call func, wrapping the result in a CallInfo.
    
        :param func:
            The function to call. Called without arguments.
        :type func: Callable[[], _pytest.runner.TResult]
        :param when:
            The phase in which the function is called.
        :param reraise:
            Exception or exceptions that shall propagate if raised by the
            function, instead of being wrapped in the CallInfo.
        """
        excinfo = None
        instant = timing.Instant()
        try:
>           result: TResult | None = func()
                                     ^^^^^^

.venv\Lib\site-packages\_pytest\runner.py:344: 
_ _ _ _ _ _ _ _ _ _ _ _ _ _ _ _ _ _ _ _ _ _ _ _ _ _ _ _ _ _ _ _ _ _ _ _ _ _ _ _
.venv\Lib\site-packages\_pytest\runner.py:246: in <lambda>
    lambda: runtest_hook(item=item, **kwds), when=when, reraise=reraise
            ^^^^^^^^^^^^^^^^^^^^^^^^^^^^^^^
.venv\Lib\site-packages\pluggy\_hooks.py:512: in __call__
    return self._hookexec(self.name, self._hookimpls.copy(), kwargs, firstresult)
           ^^^^^^^^^^^^^^^^^^^^^^^^^^^^^^^^^^^^^^^^^^^^^^^^^^^^^^^^^^^^^^^^^^^^^^
.venv\Lib\site-packages\pluggy\_manager.py:120: in _hookexec
    return self._inner_hookexec(hook_name, methods, kwargs, firstresult)
           ^^^^^^^^^^^^^^^^^^^^^^^^^^^^^^^^^^^^^^^^^^^^^^^^^^^^^^^^^^^^^
.venv\Lib\site-packages\_pytest\logging.py:843: in pytest_runtest_setup
    yield
.venv\Lib\site-packages\_pytest\capture.py:895: in pytest_runtest_setup
    return (yield)
            ^^^^^
.venv\Lib\site-packages\_pytest\runner.py:164: in pytest_runtest_setup
    item.session._setupstate.setup(item)
.venv\Lib\site-packages\_pytest\runner.py:514: in setup
    col.setup()
.venv\Lib\site-packages\_pytest\python.py:1674: in setup
    self._request._fillfixtures()
.venv\Lib\site-packages\_pytest\fixtures.py:719: in _fillfixtures
    item.funcargs[argname] = self.getfixturevalue(argname)
                             ^^^^^^^^^^^^^^^^^^^^^^^^^^^^^
.venv\Lib\site-packages\_pytest\fixtures.py:548: in getfixturevalue
    fixturedef = self._get_active_fixturedef(argname)
                 ^^^^^^^^^^^^^^^^^^^^^^^^^^^^^^^^^^^^
.venv\Lib\site-packages\_pytest\fixtures.py:639: in _get_active_fixturedef
    fixturedef.execute(request=subrequest)
.venv\Lib\site-packages\_pytest\fixtures.py:1127: in execute
    result = ihook.pytest_fixture_setup(fixturedef=self, request=request)
             ^^^^^^^^^^^^^^^^^^^^^^^^^^^^^^^^^^^^^^^^^^^^^^^^^^^^^^^^^^^^
.venv\Lib\site-packages\pluggy\_hooks.py:512: in __call__
    return self._hookexec(self.name, self._hookimpls.copy(), kwargs, firstresult)
           ^^^^^^^^^^^^^^^^^^^^^^^^^^^^^^^^^^^^^^^^^^^^^^^^^^^^^^^^^^^^^^^^^^^^^^
.venv\Lib\site-packages\pluggy\_manager.py:120: in _hookexec
    return self._inner_hookexec(hook_name, methods, kwargs, firstresult)
           ^^^^^^^^^^^^^^^^^^^^^^^^^^^^^^^^^^^^^^^^^^^^^^^^^^^^^^^^^^^^^
.venv\Lib\site-packages\pluggy\_callers.py:53: in run_old_style_hookwrapper
    return result.get_result()
           ^^^^^^^^^^^^^^^^^^^
.venv\Lib\site-packages\pluggy\_callers.py:38: in run_old_style_hookwrapper
    res = yield
          ^^^^^
.venv\Lib\site-packages\_pytest\setuponly.py:36: in pytest_fixture_setup
    return (yield)
            ^^^^^
.venv\Lib\site-packages\_pytest\fixtures.py:1195: in pytest_fixture_setup
    result = call_fixture_func(fixturefunc, request, kwargs)
             ^^^^^^^^^^^^^^^^^^^^^^^^^^^^^^^^^^^^^^^^^^^^^^^
.venv\Lib\site-packages\_pytest\fixtures.py:922: in call_fixture_func
    fixture_result = next(generator)
                     ^^^^^^^^^^^^^^^
.venv\Lib\site-packages\_pytest\tmpdir.py:264: in tmp_path
    path = _mk_tmp(request, tmp_path_factory)
           ^^^^^^^^^^^^^^^^^^^^^^^^^^^^^^^^^^
.venv\Lib\site-packages\_pytest\tmpdir.py:251: in _mk_tmp
    return factory.mktemp(name, numbered=True)
           ^^^^^^^^^^^^^^^^^^^^^^^^^^^^^^^^^^^
.venv\Lib\site-packages\_pytest\tmpdir.py:130: in mktemp
    basename = self._ensure_relative_to_basetemp(basename)
               ^^^^^^^^^^^^^^^^^^^^^^^^^^^^^^^^^^^^^^^^^^^
.venv\Lib\site-packages\_pytest\tmpdir.py:111: in _ensure_relative_to_basetemp
    if (self.getbasetemp() / basename).resolve().parent != self.getbasetemp():
        ^^^^^^^^^^^^^^^^^^
.venv\Lib\site-packages\_pytest\tmpdir.py:186: in getbasetemp
    basetemp = make_numbered_dir_with_cleanup(
.venv\Lib\site-packages\_pytest\pathlib.py:407: in make_numbered_dir_with_cleanup
    raise e
.venv\Lib\site-packages\_pytest\pathlib.py:388: in make_numbered_dir_with_cleanup
    p = make_numbered_dir(root, prefix, mode)
        ^^^^^^^^^^^^^^^^^^^^^^^^^^^^^^^^^^^^^
.venv\Lib\site-packages\_pytest\pathlib.py:229: in make_numbered_dir
    max_existing = max(map(parse_num, find_suffixes(root, prefix)), default=-1)
                   ^^^^^^^^^^^^^^^^^^^^^^^^^^^^^^^^^^^^^^^^^^^^^^^^^^^^^^^^^^^^
.venv\Lib\site-packages\_pytest\pathlib.py:188: in extract_suffixes
    for entry in iter:
                 ^^^^
_ _ _ _ _ _ _ _ _ _ _ _ _ _ _ _ _ _ _ _ _ _ _ _ _ _ _ _ _ _ _ _ _ _ _ _ _ _ _ _

root = WindowsPath('C:/Users/XL/AppData/Local/Temp/pytest-of-XL')
prefix = 'pytest-'

    def find_prefixed(root: Path, prefix: str) -> Iterator[os.DirEntry[str]]:
        """Find all elements in root that begin with the prefix, case-insensitive."""
        l_prefix = prefix.lower()
>       for x in os.scandir(root):
                 ^^^^^^^^^^^^^^^^
E       PermissionError: [WinError 5] 拒绝访问。: 'C:\\Users\\XL\\AppData\\Local\\Temp\\pytest-of-XL'

.venv\Lib\site-packages\_pytest\pathlib.py:176: PermissionError
__________ ERROR at setup of test_downstream_change_blocks_rollback ___________

cls = <class '_pytest.runner.CallInfo'>
func = <function call_and_report.<locals>.<lambda> at 0x000001845C0F4E00>
when = 'setup'
reraise = (<class '_pytest.outcomes.Exit'>, <class 'KeyboardInterrupt'>)

    @classmethod
    def from_call(
        cls,
        func: Callable[[], TResult],
        when: Literal["collect", "setup", "call", "teardown"],
        reraise: type[BaseException] | tuple[type[BaseException], ...] | None = None,
    ) -> CallInfo[TResult]:
        """Call func, wrapping the result in a CallInfo.
    
        :param func:
            The function to call. Called without arguments.
        :type func: Callable[[], _pytest.runner.TResult]
        :param when:
            The phase in which the function is called.
        :param reraise:
            Exception or exceptions that shall propagate if raised by the
            function, instead of being wrapped in the CallInfo.
        """
        excinfo = None
        instant = timing.Instant()
        try:
>           result: TResult | None = func()
                                     ^^^^^^

.venv\Lib\site-packages\_pytest\runner.py:344: 
_ _ _ _ _ _ _ _ _ _ _ _ _ _ _ _ _ _ _ _ _ _ _ _ _ _ _ _ _ _ _ _ _ _ _ _ _ _ _ _
.venv\Lib\site-packages\_pytest\runner.py:246: in <lambda>
    lambda: runtest_hook(item=item, **kwds), when=when, reraise=reraise
            ^^^^^^^^^^^^^^^^^^^^^^^^^^^^^^^
.venv\Lib\site-packages\pluggy\_hooks.py:512: in __call__
    return self._hookexec(self.name, self._hookimpls.copy(), kwargs, firstresult)
           ^^^^^^^^^^^^^^^^^^^^^^^^^^^^^^^^^^^^^^^^^^^^^^^^^^^^^^^^^^^^^^^^^^^^^^
.venv\Lib\site-packages\pluggy\_manager.py:120: in _hookexec
    return self._inner_hookexec(hook_name, methods, kwargs, firstresult)
           ^^^^^^^^^^^^^^^^^^^^^^^^^^^^^^^^^^^^^^^^^^^^^^^^^^^^^^^^^^^^^
.venv\Lib\site-packages\_pytest\logging.py:843: in pytest_runtest_setup
    yield
.venv\Lib\site-packages\_pytest\capture.py:895: in pytest_runtest_setup
    return (yield)
            ^^^^^
.venv\Lib\site-packages\_pytest\runner.py:164: in pytest_runtest_setup
    item.session._setupstate.setup(item)
.venv\Lib\site-packages\_pytest\runner.py:514: in setup
    col.setup()
.venv\Lib\site-packages\_pytest\python.py:1674: in setup
    self._request._fillfixtures()
.venv\Lib\site-packages\_pytest\fixtures.py:719: in _fillfixtures
    item.funcargs[argname] = self.getfixturevalue(argname)
                             ^^^^^^^^^^^^^^^^^^^^^^^^^^^^^
.venv\Lib\site-packages\_pytest\fixtures.py:548: in getfixturevalue
    fixturedef = self._get_active_fixturedef(argname)
                 ^^^^^^^^^^^^^^^^^^^^^^^^^^^^^^^^^^^^
.venv\Lib\site-packages\_pytest\fixtures.py:639: in _get_active_fixturedef
    fixturedef.execute(request=subrequest)
.venv\Lib\site-packages\_pytest\fixtures.py:1127: in execute
    result = ihook.pytest_fixture_setup(fixturedef=self, request=request)
             ^^^^^^^^^^^^^^^^^^^^^^^^^^^^^^^^^^^^^^^^^^^^^^^^^^^^^^^^^^^^
.venv\Lib\site-packages\pluggy\_hooks.py:512: in __call__
    return self._hookexec(self.name, self._hookimpls.copy(), kwargs, firstresult)
           ^^^^^^^^^^^^^^^^^^^^^^^^^^^^^^^^^^^^^^^^^^^^^^^^^^^^^^^^^^^^^^^^^^^^^^
.venv\Lib\site-packages\pluggy\_manager.py:120: in _hookexec
    return self._inner_hookexec(hook_name, methods, kwargs, firstresult)
           ^^^^^^^^^^^^^^^^^^^^^^^^^^^^^^^^^^^^^^^^^^^^^^^^^^^^^^^^^^^^^
.venv\Lib\site-packages\pluggy\_callers.py:53: in run_old_style_hookwrapper
    return result.get_result()
           ^^^^^^^^^^^^^^^^^^^
.venv\Lib\site-packages\pluggy\_callers.py:38: in run_old_style_hookwrapper
    res = yield
          ^^^^^
.venv\Lib\site-packages\_pytest\setuponly.py:36: in pytest_fixture_setup
    return (yield)
            ^^^^^
.venv\Lib\site-packages\_pytest\fixtures.py:1195: in pytest_fixture_setup
    result = call_fixture_func(fixturefunc, request, kwargs)
             ^^^^^^^^^^^^^^^^^^^^^^^^^^^^^^^^^^^^^^^^^^^^^^^
.venv\Lib\site-packages\_pytest\fixtures.py:922: in call_fixture_func
    fixture_result = next(generator)
                     ^^^^^^^^^^^^^^^
.venv\Lib\site-packages\_pytest\tmpdir.py:264: in tmp_path
    path = _mk_tmp(request, tmp_path_factory)
           ^^^^^^^^^^^^^^^^^^^^^^^^^^^^^^^^^^
.venv\Lib\site-packages\_pytest\tmpdir.py:251: in _mk_tmp
    return factory.mktemp(name, numbered=True)
           ^^^^^^^^^^^^^^^^^^^^^^^^^^^^^^^^^^^
.venv\Lib\site-packages\_pytest\tmpdir.py:130: in mktemp
    basename = self._ensure_relative_to_basetemp(basename)
               ^^^^^^^^^^^^^^^^^^^^^^^^^^^^^^^^^^^^^^^^^^^
.venv\Lib\site-packages\_pytest\tmpdir.py:111: in _ensure_relative_to_basetemp
    if (self.getbasetemp() / basename).resolve().parent != self.getbasetemp():
        ^^^^^^^^^^^^^^^^^^
.venv\Lib\site-packages\_pytest\tmpdir.py:186: in getbasetemp
    basetemp = make_numbered_dir_with_cleanup(
.venv\Lib\site-packages\_pytest\pathlib.py:407: in make_numbered_dir_with_cleanup
    raise e
.venv\Lib\site-packages\_pytest\pathlib.py:388: in make_numbered_dir_with_cleanup
    p = make_numbered_dir(root, prefix, mode)
        ^^^^^^^^^^^^^^^^^^^^^^^^^^^^^^^^^^^^^
.venv\Lib\site-packages\_pytest\pathlib.py:229: in make_numbered_dir
    max_existing = max(map(parse_num, find_suffixes(root, prefix)), default=-1)
                   ^^^^^^^^^^^^^^^^^^^^^^^^^^^^^^^^^^^^^^^^^^^^^^^^^^^^^^^^^^^^
.venv\Lib\site-packages\_pytest\pathlib.py:188: in extract_suffixes
    for entry in iter:
                 ^^^^
_ _ _ _ _ _ _ _ _ _ _ _ _ _ _ _ _ _ _ _ _ _ _ _ _ _ _ _ _ _ _ _ _ _ _ _ _ _ _ _

root = WindowsPath('C:/Users/XL/AppData/Local/Temp/pytest-of-XL')
prefix = 'pytest-'

    def find_prefixed(root: Path, prefix: str) -> Iterator[os.DirEntry[str]]:
        """Find all elements in root that begin with the prefix, case-insensitive."""
        l_prefix = prefix.lower()
>       for x in os.scandir(root):
                 ^^^^^^^^^^^^^^^^
E       PermissionError: [WinError 5] 拒绝访问。: 'C:\\Users\\XL\\AppData\\Local\\Temp\\pytest-of-XL'

.venv\Lib\site-packages\_pytest\pathlib.py:176: PermissionError
_______ ERROR at setup of test_new_receipt_stock_blocks_batch_rollback ________

cls = <class '_pytest.runner.CallInfo'>
func = <function call_and_report.<locals>.<lambda> at 0x000001845BE54860>
when = 'setup'
reraise = (<class '_pytest.outcomes.Exit'>, <class 'KeyboardInterrupt'>)

    @classmethod
    def from_call(
        cls,
        func: Callable[[], TResult],
        when: Literal["collect", "setup", "call", "teardown"],
        reraise: type[BaseException] | tuple[type[BaseException], ...] | None = None,
    ) -> CallInfo[TResult]:
        """Call func, wrapping the result in a CallInfo.
    
        :param func:
            The function to call. Called without arguments.
        :type func: Callable[[], _pytest.runner.TResult]
        :param when:
            The phase in which the function is called.
        :param reraise:
            Exception or exceptions that shall propagate if raised by the
            function, instead of being wrapped in the CallInfo.
        """
        excinfo = None
        instant = timing.Instant()
        try:
>           result: TResult | None = func()
                                     ^^^^^^

.venv\Lib\site-packages\_pytest\runner.py:344: 
_ _ _ _ _ _ _ _ _ _ _ _ _ _ _ _ _ _ _ _ _ _ _ _ _ _ _ _ _ _ _ _ _ _ _ _ _ _ _ _
.venv\Lib\site-packages\_pytest\runner.py:246: in <lambda>
    lambda: runtest_hook(item=item, **kwds), when=when, reraise=reraise
            ^^^^^^^^^^^^^^^^^^^^^^^^^^^^^^^
.venv\Lib\site-packages\pluggy\_hooks.py:512: in __call__
    return self._hookexec(self.name, self._hookimpls.copy(), kwargs, firstresult)
           ^^^^^^^^^^^^^^^^^^^^^^^^^^^^^^^^^^^^^^^^^^^^^^^^^^^^^^^^^^^^^^^^^^^^^^
.venv\Lib\site-packages\pluggy\_manager.py:120: in _hookexec
    return self._inner_hookexec(hook_name, methods, kwargs, firstresult)
           ^^^^^^^^^^^^^^^^^^^^^^^^^^^^^^^^^^^^^^^^^^^^^^^^^^^^^^^^^^^^^
.venv\Lib\site-packages\_pytest\logging.py:843: in pytest_runtest_setup
    yield
.venv\Lib\site-packages\_pytest\capture.py:895: in pytest_runtest_setup
    return (yield)
            ^^^^^
.venv\Lib\site-packages\_pytest\runner.py:164: in pytest_runtest_setup
    item.session._setupstate.setup(item)
.venv\Lib\site-packages\_pytest\runner.py:514: in setup
    col.setup()
.venv\Lib\site-packages\_pytest\python.py:1674: in setup
    self._request._fillfixtures()
.venv\Lib\site-packages\_pytest\fixtures.py:719: in _fillfixtures
    item.funcargs[argname] = self.getfixturevalue(argname)
                             ^^^^^^^^^^^^^^^^^^^^^^^^^^^^^
.venv\Lib\site-packages\_pytest\fixtures.py:548: in getfixturevalue
    fixturedef = self._get_active_fixturedef(argname)
                 ^^^^^^^^^^^^^^^^^^^^^^^^^^^^^^^^^^^^
.venv\Lib\site-packages\_pytest\fixtures.py:639: in _get_active_fixturedef
    fixturedef.execute(request=subrequest)
.venv\Lib\site-packages\_pytest\fixtures.py:1127: in execute
    result = ihook.pytest_fixture_setup(fixturedef=self, request=request)
             ^^^^^^^^^^^^^^^^^^^^^^^^^^^^^^^^^^^^^^^^^^^^^^^^^^^^^^^^^^^^
.venv\Lib\site-packages\pluggy\_hooks.py:512: in __call__
    return self._hookexec(self.name, self._hookimpls.copy(), kwargs, firstresult)
           ^^^^^^^^^^^^^^^^^^^^^^^^^^^^^^^^^^^^^^^^^^^^^^^^^^^^^^^^^^^^^^^^^^^^^^
.venv\Lib\site-packages\pluggy\_manager.py:120: in _hookexec
    return self._inner_hookexec(hook_name, methods, kwargs, firstresult)
           ^^^^^^^^^^^^^^^^^^^^^^^^^^^^^^^^^^^^^^^^^^^^^^^^^^^^^^^^^^^^^
.venv\Lib\site-packages\pluggy\_callers.py:53: in run_old_style_hookwrapper
    return result.get_result()
           ^^^^^^^^^^^^^^^^^^^
.venv\Lib\site-packages\pluggy\_callers.py:38: in run_old_style_hookwrapper
    res = yield
          ^^^^^
.venv\Lib\site-packages\_pytest\setuponly.py:36: in pytest_fixture_setup
    return (yield)
            ^^^^^
.venv\Lib\site-packages\_pytest\fixtures.py:1195: in pytest_fixture_setup
    result = call_fixture_func(fixturefunc, request, kwargs)
             ^^^^^^^^^^^^^^^^^^^^^^^^^^^^^^^^^^^^^^^^^^^^^^^
.venv\Lib\site-packages\_pytest\fixtures.py:922: in call_fixture_func
    fixture_result = next(generator)
                     ^^^^^^^^^^^^^^^
.venv\Lib\site-packages\_pytest\tmpdir.py:264: in tmp_path
    path = _mk_tmp(request, tmp_path_factory)
           ^^^^^^^^^^^^^^^^^^^^^^^^^^^^^^^^^^
.venv\Lib\site-packages\_pytest\tmpdir.py:251: in _mk_tmp
    return factory.mktemp(name, numbered=True)
           ^^^^^^^^^^^^^^^^^^^^^^^^^^^^^^^^^^^
.venv\Lib\site-packages\_pytest\tmpdir.py:130: in mktemp
    basename = self._ensure_relative_to_basetemp(basename)
               ^^^^^^^^^^^^^^^^^^^^^^^^^^^^^^^^^^^^^^^^^^^
.venv\Lib\site-packages\_pytest\tmpdir.py:111: in _ensure_relative_to_basetemp
    if (self.getbasetemp() / basename).resolve().parent != self.getbasetemp():
        ^^^^^^^^^^^^^^^^^^
.venv\Lib\site-packages\_pytest\tmpdir.py:186: in getbasetemp
    basetemp = make_numbered_dir_with_cleanup(
.venv\Lib\site-packages\_pytest\pathlib.py:407: in make_numbered_dir_with_cleanup
    raise e
.venv\Lib\site-packages\_pytest\pathlib.py:388: in make_numbered_dir_with_cleanup
    p = make_numbered_dir(root, prefix, mode)
        ^^^^^^^^^^^^^^^^^^^^^^^^^^^^^^^^^^^^^
.venv\Lib\site-packages\_pytest\pathlib.py:229: in make_numbered_dir
    max_existing = max(map(parse_num, find_suffixes(root, prefix)), default=-1)
                   ^^^^^^^^^^^^^^^^^^^^^^^^^^^^^^^^^^^^^^^^^^^^^^^^^^^^^^^^^^^^
.venv\Lib\site-packages\_pytest\pathlib.py:188: in extract_suffixes
    for entry in iter:
                 ^^^^
_ _ _ _ _ _ _ _ _ _ _ _ _ _ _ _ _ _ _ _ _ _ _ _ _ _ _ _ _ _ _ _ _ _ _ _ _ _ _ _

root = WindowsPath('C:/Users/XL/AppData/Local/Temp/pytest-of-XL')
prefix = 'pytest-'

    def find_prefixed(root: Path, prefix: str) -> Iterator[os.DirEntry[str]]:
        """Find all elements in root that begin with the prefix, case-insensitive."""
        l_prefix = prefix.lower()
>       for x in os.scandir(root):
                 ^^^^^^^^^^^^^^^^
E       PermissionError: [WinError 5] 拒绝访问。: 'C:\\Users\\XL\\AppData\\Local\\Temp\\pytest-of-XL'

.venv\Lib\site-packages\_pytest\pathlib.py:176: PermissionError
_______ ERROR at setup of test_unknown_opening_balance_is_not_accepted ________

cls = <class '_pytest.runner.CallInfo'>
func = <function call_and_report.<locals>.<lambda> at 0x000001845C0F45E0>
when = 'setup'
reraise = (<class '_pytest.outcomes.Exit'>, <class 'KeyboardInterrupt'>)

    @classmethod
    def from_call(
        cls,
        func: Callable[[], TResult],
        when: Literal["collect", "setup", "call", "teardown"],
        reraise: type[BaseException] | tuple[type[BaseException], ...] | None = None,
    ) -> CallInfo[TResult]:
        """Call func, wrapping the result in a CallInfo.
    
        :param func:
            The function to call. Called without arguments.
        :type func: Callable[[], _pytest.runner.TResult]
        :param when:
            The phase in which the function is called.
        :param reraise:
            Exception or exceptions that shall propagate if raised by the
            function, instead of being wrapped in the CallInfo.
        """
        excinfo = None
        instant = timing.Instant()
        try:
>           result: TResult | None = func()
                                     ^^^^^^

.venv\Lib\site-packages\_pytest\runner.py:344: 
_ _ _ _ _ _ _ _ _ _ _ _ _ _ _ _ _ _ _ _ _ _ _ _ _ _ _ _ _ _ _ _ _ _ _ _ _ _ _ _
.venv\Lib\site-packages\_pytest\runner.py:246: in <lambda>
    lambda: runtest_hook(item=item, **kwds), when=when, reraise=reraise
            ^^^^^^^^^^^^^^^^^^^^^^^^^^^^^^^
.venv\Lib\site-packages\pluggy\_hooks.py:512: in __call__
    return self._hookexec(self.name, self._hookimpls.copy(), kwargs, firstresult)
           ^^^^^^^^^^^^^^^^^^^^^^^^^^^^^^^^^^^^^^^^^^^^^^^^^^^^^^^^^^^^^^^^^^^^^^
.venv\Lib\site-packages\pluggy\_manager.py:120: in _hookexec
    return self._inner_hookexec(hook_name, methods, kwargs, firstresult)
           ^^^^^^^^^^^^^^^^^^^^^^^^^^^^^^^^^^^^^^^^^^^^^^^^^^^^^^^^^^^^^
.venv\Lib\site-packages\_pytest\logging.py:843: in pytest_runtest_setup
    yield
.venv\Lib\site-packages\_pytest\capture.py:895: in pytest_runtest_setup
    return (yield)
            ^^^^^
.venv\Lib\site-packages\_pytest\runner.py:164: in pytest_runtest_setup
    item.session._setupstate.setup(item)
.venv\Lib\site-packages\_pytest\runner.py:514: in setup
    col.setup()
.venv\Lib\site-packages\_pytest\python.py:1674: in setup
    self._request._fillfixtures()
.venv\Lib\site-packages\_pytest\fixtures.py:719: in _fillfixtures
    item.funcargs[argname] = self.getfixturevalue(argname)
                             ^^^^^^^^^^^^^^^^^^^^^^^^^^^^^
.venv\Lib\site-packages\_pytest\fixtures.py:548: in getfixturevalue
    fixturedef = self._get_active_fixturedef(argname)
                 ^^^^^^^^^^^^^^^^^^^^^^^^^^^^^^^^^^^^
.venv\Lib\site-packages\_pytest\fixtures.py:639: in _get_active_fixturedef
    fixturedef.execute(request=subrequest)
.venv\Lib\site-packages\_pytest\fixtures.py:1127: in execute
    result = ihook.pytest_fixture_setup(fixturedef=self, request=request)
             ^^^^^^^^^^^^^^^^^^^^^^^^^^^^^^^^^^^^^^^^^^^^^^^^^^^^^^^^^^^^
.venv\Lib\site-packages\pluggy\_hooks.py:512: in __call__
    return self._hookexec(self.name, self._hookimpls.copy(), kwargs, firstresult)
           ^^^^^^^^^^^^^^^^^^^^^^^^^^^^^^^^^^^^^^^^^^^^^^^^^^^^^^^^^^^^^^^^^^^^^^
.venv\Lib\site-packages\pluggy\_manager.py:120: in _hookexec
    return self._inner_hookexec(hook_name, methods, kwargs, firstresult)
           ^^^^^^^^^^^^^^^^^^^^^^^^^^^^^^^^^^^^^^^^^^^^^^^^^^^^^^^^^^^^^
.venv\Lib\site-packages\pluggy\_callers.py:53: in run_old_style_hookwrapper
    return result.get_result()
           ^^^^^^^^^^^^^^^^^^^
.venv\Lib\site-packages\pluggy\_callers.py:38: in run_old_style_hookwrapper
    res = yield
          ^^^^^
.venv\Lib\site-packages\_pytest\setuponly.py:36: in pytest_fixture_setup
    return (yield)
            ^^^^^
.venv\Lib\site-packages\_pytest\fixtures.py:1195: in pytest_fixture_setup
    result = call_fixture_func(fixturefunc, request, kwargs)
             ^^^^^^^^^^^^^^^^^^^^^^^^^^^^^^^^^^^^^^^^^^^^^^^
.venv\Lib\site-packages\_pytest\fixtures.py:922: in call_fixture_func
    fixture_result = next(generator)
                     ^^^^^^^^^^^^^^^
.venv\Lib\site-packages\_pytest\tmpdir.py:264: in tmp_path
    path = _mk_tmp(request, tmp_path_factory)
           ^^^^^^^^^^^^^^^^^^^^^^^^^^^^^^^^^^
.venv\Lib\site-packages\_pytest\tmpdir.py:251: in _mk_tmp
    return factory.mktemp(name, numbered=True)
           ^^^^^^^^^^^^^^^^^^^^^^^^^^^^^^^^^^^
.venv\Lib\site-packages\_pytest\tmpdir.py:130: in mktemp
    basename = self._ensure_relative_to_basetemp(basename)
               ^^^^^^^^^^^^^^^^^^^^^^^^^^^^^^^^^^^^^^^^^^^
.venv\Lib\site-packages\_pytest\tmpdir.py:111: in _ensure_relative_to_basetemp
    if (self.getbasetemp() / basename).resolve().parent != self.getbasetemp():
        ^^^^^^^^^^^^^^^^^^
.venv\Lib\site-packages\_pytest\tmpdir.py:186: in getbasetemp
    basetemp = make_numbered_dir_with_cleanup(
.venv\Lib\site-packages\_pytest\pathlib.py:407: in make_numbered_dir_with_cleanup
    raise e
.venv\Lib\site-packages\_pytest\pathlib.py:388: in make_numbered_dir_with_cleanup
    p = make_numbered_dir(root, prefix, mode)
        ^^^^^^^^^^^^^^^^^^^^^^^^^^^^^^^^^^^^^
.venv\Lib\site-packages\_pytest\pathlib.py:229: in make_numbered_dir
    max_existing = max(map(parse_num, find_suffixes(root, prefix)), default=-1)
                   ^^^^^^^^^^^^^^^^^^^^^^^^^^^^^^^^^^^^^^^^^^^^^^^^^^^^^^^^^^^^
.venv\Lib\site-packages\_pytest\pathlib.py:188: in extract_suffixes
    for entry in iter:
                 ^^^^
_ _ _ _ _ _ _ _ _ _ _ _ _ _ _ _ _ _ _ _ _ _ _ _ _ _ _ _ _ _ _ _ _ _ _ _ _ _ _ _

root = WindowsPath('C:/Users/XL/AppData/Local/Temp/pytest-of-XL')
prefix = 'pytest-'

    def find_prefixed(root: Path, prefix: str) -> Iterator[os.DirEntry[str]]:
        """Find all elements in root that begin with the prefix, case-insensitive."""
        l_prefix = prefix.lower()
>       for x in os.scandir(root):
                 ^^^^^^^^^^^^^^^^
E       PermissionError: [WinError 5] 拒绝访问。: 'C:\\Users\\XL\\AppData\\Local\\Temp\\pytest-of-XL'

.venv\Lib\site-packages\_pytest\pathlib.py:176: PermissionError
___ ERROR at setup of test_legacy_import_without_identity_blocks_new_batch ____

cls = <class '_pytest.runner.CallInfo'>
func = <function call_and_report.<locals>.<lambda> at 0x000001845BF3A0C0>
when = 'setup'
reraise = (<class '_pytest.outcomes.Exit'>, <class 'KeyboardInterrupt'>)

    @classmethod
    def from_call(
        cls,
        func: Callable[[], TResult],
        when: Literal["collect", "setup", "call", "teardown"],
        reraise: type[BaseException] | tuple[type[BaseException], ...] | None = None,
    ) -> CallInfo[TResult]:
        """Call func, wrapping the result in a CallInfo.
    
        :param func:
            The function to call. Called without arguments.
        :type func: Callable[[], _pytest.runner.TResult]
        :param when:
            The phase in which the function is called.
        :param reraise:
            Exception or exceptions that shall propagate if raised by the
            function, instead of being wrapped in the CallInfo.
        """
        excinfo = None
        instant = timing.Instant()
        try:
>           result: TResult | None = func()
                                     ^^^^^^

.venv\Lib\site-packages\_pytest\runner.py:344: 
_ _ _ _ _ _ _ _ _ _ _ _ _ _ _ _ _ _ _ _ _ _ _ _ _ _ _ _ _ _ _ _ _ _ _ _ _ _ _ _
.venv\Lib\site-packages\_pytest\runner.py:246: in <lambda>
    lambda: runtest_hook(item=item, **kwds), when=when, reraise=reraise
            ^^^^^^^^^^^^^^^^^^^^^^^^^^^^^^^
.venv\Lib\site-packages\pluggy\_hooks.py:512: in __call__
    return self._hookexec(self.name, self._hookimpls.copy(), kwargs, firstresult)
           ^^^^^^^^^^^^^^^^^^^^^^^^^^^^^^^^^^^^^^^^^^^^^^^^^^^^^^^^^^^^^^^^^^^^^^
.venv\Lib\site-packages\pluggy\_manager.py:120: in _hookexec
    return self._inner_hookexec(hook_name, methods, kwargs, firstresult)
           ^^^^^^^^^^^^^^^^^^^^^^^^^^^^^^^^^^^^^^^^^^^^^^^^^^^^^^^^^^^^^
.venv\Lib\site-packages\_pytest\logging.py:843: in pytest_runtest_setup
    yield
.venv\Lib\site-packages\_pytest\capture.py:895: in pytest_runtest_setup
    return (yield)
            ^^^^^
.venv\Lib\site-packages\_pytest\runner.py:164: in pytest_runtest_setup
    item.session._setupstate.setup(item)
.venv\Lib\site-packages\_pytest\runner.py:514: in setup
    col.setup()
.venv\Lib\site-packages\_pytest\python.py:1674: in setup
    self._request._fillfixtures()
.venv\Lib\site-packages\_pytest\fixtures.py:719: in _fillfixtures
    item.funcargs[argname] = self.getfixturevalue(argname)
                             ^^^^^^^^^^^^^^^^^^^^^^^^^^^^^
.venv\Lib\site-packages\_pytest\fixtures.py:548: in getfixturevalue
    fixturedef = self._get_active_fixturedef(argname)
                 ^^^^^^^^^^^^^^^^^^^^^^^^^^^^^^^^^^^^
.venv\Lib\site-packages\_pytest\fixtures.py:639: in _get_active_fixturedef
    fixturedef.execute(request=subrequest)
.venv\Lib\site-packages\_pytest\fixtures.py:1127: in execute
    result = ihook.pytest_fixture_setup(fixturedef=self, request=request)
             ^^^^^^^^^^^^^^^^^^^^^^^^^^^^^^^^^^^^^^^^^^^^^^^^^^^^^^^^^^^^
.venv\Lib\site-packages\pluggy\_hooks.py:512: in __call__
    return self._hookexec(self.name, self._hookimpls.copy(), kwargs, firstresult)
           ^^^^^^^^^^^^^^^^^^^^^^^^^^^^^^^^^^^^^^^^^^^^^^^^^^^^^^^^^^^^^^^^^^^^^^
.venv\Lib\site-packages\pluggy\_manager.py:120: in _hookexec
    return self._inner_hookexec(hook_name, methods, kwargs, firstresult)
           ^^^^^^^^^^^^^^^^^^^^^^^^^^^^^^^^^^^^^^^^^^^^^^^^^^^^^^^^^^^^^
.venv\Lib\site-packages\pluggy\_callers.py:53: in run_old_style_hookwrapper
    return result.get_result()
           ^^^^^^^^^^^^^^^^^^^
.venv\Lib\site-packages\pluggy\_callers.py:38: in run_old_style_hookwrapper
    res = yield
          ^^^^^
.venv\Lib\site-packages\_pytest\setuponly.py:36: in pytest_fixture_setup
    return (yield)
            ^^^^^
.venv\Lib\site-packages\_pytest\fixtures.py:1195: in pytest_fixture_setup
    result = call_fixture_func(fixturefunc, request, kwargs)
             ^^^^^^^^^^^^^^^^^^^^^^^^^^^^^^^^^^^^^^^^^^^^^^^
.venv\Lib\site-packages\_pytest\fixtures.py:922: in call_fixture_func
    fixture_result = next(generator)
                     ^^^^^^^^^^^^^^^
.venv\Lib\site-packages\_pytest\tmpdir.py:264: in tmp_path
    path = _mk_tmp(request, tmp_path_factory)
           ^^^^^^^^^^^^^^^^^^^^^^^^^^^^^^^^^^
.venv\Lib\site-packages\_pytest\tmpdir.py:251: in _mk_tmp
    return factory.mktemp(name, numbered=True)
           ^^^^^^^^^^^^^^^^^^^^^^^^^^^^^^^^^^^
.venv\Lib\site-packages\_pytest\tmpdir.py:130: in mktemp
    basename = self._ensure_relative_to_basetemp(basename)
               ^^^^^^^^^^^^^^^^^^^^^^^^^^^^^^^^^^^^^^^^^^^
.venv\Lib\site-packages\_pytest\tmpdir.py:111: in _ensure_relative_to_basetemp
    if (self.getbasetemp() / basename).resolve().parent != self.getbasetemp():
        ^^^^^^^^^^^^^^^^^^
.venv\Lib\site-packages\_pytest\tmpdir.py:186: in getbasetemp
    basetemp = make_numbered_dir_with_cleanup(
.venv\Lib\site-packages\_pytest\pathlib.py:407: in make_numbered_dir_with_cleanup
    raise e
.venv\Lib\site-packages\_pytest\pathlib.py:388: in make_numbered_dir_with_cleanup
    p = make_numbered_dir(root, prefix, mode)
        ^^^^^^^^^^^^^^^^^^^^^^^^^^^^^^^^^^^^^
.venv\Lib\site-packages\_pytest\pathlib.py:229: in make_numbered_dir
    max_existing = max(map(parse_num, find_suffixes(root, prefix)), default=-1)
                   ^^^^^^^^^^^^^^^^^^^^^^^^^^^^^^^^^^^^^^^^^^^^^^^^^^^^^^^^^^^^
.venv\Lib\site-packages\_pytest\pathlib.py:188: in extract_suffixes
    for entry in iter:
                 ^^^^
_ _ _ _ _ _ _ _ _ _ _ _ _ _ _ _ _ _ _ _ _ _ _ _ _ _ _ _ _ _ _ _ _ _ _ _ _ _ _ _

root = WindowsPath('C:/Users/XL/AppData/Local/Temp/pytest-of-XL')
prefix = 'pytest-'

    def find_prefixed(root: Path, prefix: str) -> Iterator[os.DirEntry[str]]:
        """Find all elements in root that begin with the prefix, case-insensitive."""
        l_prefix = prefix.lower()
>       for x in os.scandir(root):
                 ^^^^^^^^^^^^^^^^
E       PermissionError: [WinError 5] 拒绝访问。: 'C:\\Users\\XL\\AppData\\Local\\Temp\\pytest-of-XL'

.venv\Lib\site-packages\_pytest\pathlib.py:176: PermissionError
___ ERROR at setup of test_inbound_attachments_versions_download_and_scope ____

cls = <class '_pytest.runner.CallInfo'>
func = <function call_and_report.<locals>.<lambda> at 0x000001845D00FEC0>
when = 'setup'
reraise = (<class '_pytest.outcomes.Exit'>, <class 'KeyboardInterrupt'>)

    @classmethod
    def from_call(
        cls,
        func: Callable[[], TResult],
        when: Literal["collect", "setup", "call", "teardown"],
        reraise: type[BaseException] | tuple[type[BaseException], ...] | None = None,
    ) -> CallInfo[TResult]:
        """Call func, wrapping the result in a CallInfo.
    
        :param func:
            The function to call. Called without arguments.
        :type func: Callable[[], _pytest.runner.TResult]
        :param when:
            The phase in which the function is called.
        :param reraise:
            Exception or exceptions that shall propagate if raised by the
            function, instead of being wrapped in the CallInfo.
        """
        excinfo = None
        instant = timing.Instant()
        try:
>           result: TResult | None = func()
                                     ^^^^^^

.venv\Lib\site-packages\_pytest\runner.py:344: 
_ _ _ _ _ _ _ _ _ _ _ _ _ _ _ _ _ _ _ _ _ _ _ _ _ _ _ _ _ _ _ _ _ _ _ _ _ _ _ _
.venv\Lib\site-packages\_pytest\runner.py:246: in <lambda>
    lambda: runtest_hook(item=item, **kwds), when=when, reraise=reraise
            ^^^^^^^^^^^^^^^^^^^^^^^^^^^^^^^
.venv\Lib\site-packages\pluggy\_hooks.py:512: in __call__
    return self._hookexec(self.name, self._hookimpls.copy(), kwargs, firstresult)
           ^^^^^^^^^^^^^^^^^^^^^^^^^^^^^^^^^^^^^^^^^^^^^^^^^^^^^^^^^^^^^^^^^^^^^^
.venv\Lib\site-packages\pluggy\_manager.py:120: in _hookexec
    return self._inner_hookexec(hook_name, methods, kwargs, firstresult)
           ^^^^^^^^^^^^^^^^^^^^^^^^^^^^^^^^^^^^^^^^^^^^^^^^^^^^^^^^^^^^^
.venv\Lib\site-packages\_pytest\logging.py:843: in pytest_runtest_setup
    yield
.venv\Lib\site-packages\_pytest\capture.py:895: in pytest_runtest_setup
    return (yield)
            ^^^^^
.venv\Lib\site-packages\_pytest\runner.py:164: in pytest_runtest_setup
    item.session._setupstate.setup(item)
.venv\Lib\site-packages\_pytest\runner.py:514: in setup
    col.setup()
.venv\Lib\site-packages\_pytest\python.py:1674: in setup
    self._request._fillfixtures()
.venv\Lib\site-packages\_pytest\fixtures.py:719: in _fillfixtures
    item.funcargs[argname] = self.getfixturevalue(argname)
                             ^^^^^^^^^^^^^^^^^^^^^^^^^^^^^
.venv\Lib\site-packages\_pytest\fixtures.py:548: in getfixturevalue
    fixturedef = self._get_active_fixturedef(argname)
                 ^^^^^^^^^^^^^^^^^^^^^^^^^^^^^^^^^^^^
.venv\Lib\site-packages\_pytest\fixtures.py:639: in _get_active_fixturedef
    fixturedef.execute(request=subrequest)
.venv\Lib\site-packages\_pytest\fixtures.py:1127: in execute
    result = ihook.pytest_fixture_setup(fixturedef=self, request=request)
             ^^^^^^^^^^^^^^^^^^^^^^^^^^^^^^^^^^^^^^^^^^^^^^^^^^^^^^^^^^^^
.venv\Lib\site-packages\pluggy\_hooks.py:512: in __call__
    return self._hookexec(self.name, self._hookimpls.copy(), kwargs, firstresult)
           ^^^^^^^^^^^^^^^^^^^^^^^^^^^^^^^^^^^^^^^^^^^^^^^^^^^^^^^^^^^^^^^^^^^^^^
.venv\Lib\site-packages\pluggy\_manager.py:120: in _hookexec
    return self._inner_hookexec(hook_name, methods, kwargs, firstresult)
           ^^^^^^^^^^^^^^^^^^^^^^^^^^^^^^^^^^^^^^^^^^^^^^^^^^^^^^^^^^^^^
.venv\Lib\site-packages\pluggy\_callers.py:53: in run_old_style_hookwrapper
    return result.get_result()
           ^^^^^^^^^^^^^^^^^^^
.venv\Lib\site-packages\pluggy\_callers.py:38: in run_old_style_hookwrapper
    res = yield
          ^^^^^
.venv\Lib\site-packages\_pytest\setuponly.py:36: in pytest_fixture_setup
    return (yield)
            ^^^^^
.venv\Lib\site-packages\_pytest\fixtures.py:1195: in pytest_fixture_setup
    result = call_fixture_func(fixturefunc, request, kwargs)
             ^^^^^^^^^^^^^^^^^^^^^^^^^^^^^^^^^^^^^^^^^^^^^^^
.venv\Lib\site-packages\_pytest\fixtures.py:922: in call_fixture_func
    fixture_result = next(generator)
                     ^^^^^^^^^^^^^^^
.venv\Lib\site-packages\_pytest\tmpdir.py:264: in tmp_path
    path = _mk_tmp(request, tmp_path_factory)
           ^^^^^^^^^^^^^^^^^^^^^^^^^^^^^^^^^^
.venv\Lib\site-packages\_pytest\tmpdir.py:251: in _mk_tmp
    return factory.mktemp(name, numbered=True)
           ^^^^^^^^^^^^^^^^^^^^^^^^^^^^^^^^^^^
.venv\Lib\site-packages\_pytest\tmpdir.py:130: in mktemp
    basename = self._ensure_relative_to_basetemp(basename)
               ^^^^^^^^^^^^^^^^^^^^^^^^^^^^^^^^^^^^^^^^^^^
.venv\Lib\site-packages\_pytest\tmpdir.py:111: in _ensure_relative_to_basetemp
    if (self.getbasetemp() / basename).resolve().parent != self.getbasetemp():
        ^^^^^^^^^^^^^^^^^^
.venv\Lib\site-packages\_pytest\tmpdir.py:186: in getbasetemp
    basetemp = make_numbered_dir_with_cleanup(
.venv\Lib\site-packages\_pytest\pathlib.py:407: in make_numbered_dir_with_cleanup
    raise e
.venv\Lib\site-packages\_pytest\pathlib.py:388: in make_numbered_dir_with_cleanup
    p = make_numbered_dir(root, prefix, mode)
        ^^^^^^^^^^^^^^^^^^^^^^^^^^^^^^^^^^^^^
.venv\Lib\site-packages\_pytest\pathlib.py:229: in make_numbered_dir
    max_existing = max(map(parse_num, find_suffixes(root, prefix)), default=-1)
                   ^^^^^^^^^^^^^^^^^^^^^^^^^^^^^^^^^^^^^^^^^^^^^^^^^^^^^^^^^^^^
.venv\Lib\site-packages\_pytest\pathlib.py:188: in extract_suffixes
    for entry in iter:
                 ^^^^
_ _ _ _ _ _ _ _ _ _ _ _ _ _ _ _ _ _ _ _ _ _ _ _ _ _ _ _ _ _ _ _ _ _ _ _ _ _ _ _

root = WindowsPath('C:/Users/XL/AppData/Local/Temp/pytest-of-XL')
prefix = 'pytest-'

    def find_prefixed(root: Path, prefix: str) -> Iterator[os.DirEntry[str]]:
        """Find all elements in root that begin with the prefix, case-insensitive."""
        l_prefix = prefix.lower()
>       for x in os.scandir(root):
                 ^^^^^^^^^^^^^^^^
E       PermissionError: [WinError 5] 拒绝访问。: 'C:\\Users\\XL\\AppData\\Local\\Temp\\pytest-of-XL'

.venv\Lib\site-packages\_pytest\pathlib.py:176: PermissionError
___ ERROR at setup of test_streaming_selected_sheet_only_and_preview_limit ____

cls = <class '_pytest.runner.CallInfo'>
func = <function call_and_report.<locals>.<lambda> at 0x000001845CB15EE0>
when = 'setup'
reraise = (<class '_pytest.outcomes.Exit'>, <class 'KeyboardInterrupt'>)

    @classmethod
    def from_call(
        cls,
        func: Callable[[], TResult],
        when: Literal["collect", "setup", "call", "teardown"],
        reraise: type[BaseException] | tuple[type[BaseException], ...] | None = None,
    ) -> CallInfo[TResult]:
        """Call func, wrapping the result in a CallInfo.
    
        :param func:
            The function to call. Called without arguments.
        :type func: Callable[[], _pytest.runner.TResult]
        :param when:
            The phase in which the function is called.
        :param reraise:
            Exception or exceptions that shall propagate if raised by the
            function, instead of being wrapped in the CallInfo.
        """
        excinfo = None
        instant = timing.Instant()
        try:
>           result: TResult | None = func()
                                     ^^^^^^

.venv\Lib\site-packages\_pytest\runner.py:344: 
_ _ _ _ _ _ _ _ _ _ _ _ _ _ _ _ _ _ _ _ _ _ _ _ _ _ _ _ _ _ _ _ _ _ _ _ _ _ _ _
.venv\Lib\site-packages\_pytest\runner.py:246: in <lambda>
    lambda: runtest_hook(item=item, **kwds), when=when, reraise=reraise
            ^^^^^^^^^^^^^^^^^^^^^^^^^^^^^^^
.venv\Lib\site-packages\pluggy\_hooks.py:512: in __call__
    return self._hookexec(self.name, self._hookimpls.copy(), kwargs, firstresult)
           ^^^^^^^^^^^^^^^^^^^^^^^^^^^^^^^^^^^^^^^^^^^^^^^^^^^^^^^^^^^^^^^^^^^^^^
.venv\Lib\site-packages\pluggy\_manager.py:120: in _hookexec
    return self._inner_hookexec(hook_name, methods, kwargs, firstresult)
           ^^^^^^^^^^^^^^^^^^^^^^^^^^^^^^^^^^^^^^^^^^^^^^^^^^^^^^^^^^^^^
.venv\Lib\site-packages\_pytest\logging.py:843: in pytest_runtest_setup
    yield
.venv\Lib\site-packages\_pytest\capture.py:895: in pytest_runtest_setup
    return (yield)
            ^^^^^
.venv\Lib\site-packages\_pytest\runner.py:164: in pytest_runtest_setup
    item.session._setupstate.setup(item)
.venv\Lib\site-packages\_pytest\runner.py:514: in setup
    col.setup()
.venv\Lib\site-packages\_pytest\python.py:1674: in setup
    self._request._fillfixtures()
.venv\Lib\site-packages\_pytest\fixtures.py:719: in _fillfixtures
    item.funcargs[argname] = self.getfixturevalue(argname)
                             ^^^^^^^^^^^^^^^^^^^^^^^^^^^^^
.venv\Lib\site-packages\_pytest\fixtures.py:548: in getfixturevalue
    fixturedef = self._get_active_fixturedef(argname)
                 ^^^^^^^^^^^^^^^^^^^^^^^^^^^^^^^^^^^^
.venv\Lib\site-packages\_pytest\fixtures.py:639: in _get_active_fixturedef
    fixturedef.execute(request=subrequest)
.venv\Lib\site-packages\_pytest\fixtures.py:1127: in execute
    result = ihook.pytest_fixture_setup(fixturedef=self, request=request)
             ^^^^^^^^^^^^^^^^^^^^^^^^^^^^^^^^^^^^^^^^^^^^^^^^^^^^^^^^^^^^
.venv\Lib\site-packages\pluggy\_hooks.py:512: in __call__
    return self._hookexec(self.name, self._hookimpls.copy(), kwargs, firstresult)
           ^^^^^^^^^^^^^^^^^^^^^^^^^^^^^^^^^^^^^^^^^^^^^^^^^^^^^^^^^^^^^^^^^^^^^^
.venv\Lib\site-packages\pluggy\_manager.py:120: in _hookexec
    return self._inner_hookexec(hook_name, methods, kwargs, firstresult)
           ^^^^^^^^^^^^^^^^^^^^^^^^^^^^^^^^^^^^^^^^^^^^^^^^^^^^^^^^^^^^^
.venv\Lib\site-packages\pluggy\_callers.py:53: in run_old_style_hookwrapper
    return result.get_result()
           ^^^^^^^^^^^^^^^^^^^
.venv\Lib\site-packages\pluggy\_callers.py:38: in run_old_style_hookwrapper
    res = yield
          ^^^^^
.venv\Lib\site-packages\_pytest\setuponly.py:36: in pytest_fixture_setup
    return (yield)
            ^^^^^
.venv\Lib\site-packages\_pytest\fixtures.py:1195: in pytest_fixture_setup
    result = call_fixture_func(fixturefunc, request, kwargs)
             ^^^^^^^^^^^^^^^^^^^^^^^^^^^^^^^^^^^^^^^^^^^^^^^
.venv\Lib\site-packages\_pytest\fixtures.py:922: in call_fixture_func
    fixture_result = next(generator)
                     ^^^^^^^^^^^^^^^
.venv\Lib\site-packages\_pytest\tmpdir.py:264: in tmp_path
    path = _mk_tmp(request, tmp_path_factory)
           ^^^^^^^^^^^^^^^^^^^^^^^^^^^^^^^^^^
.venv\Lib\site-packages\_pytest\tmpdir.py:251: in _mk_tmp
    return factory.mktemp(name, numbered=True)
           ^^^^^^^^^^^^^^^^^^^^^^^^^^^^^^^^^^^
.venv\Lib\site-packages\_pytest\tmpdir.py:130: in mktemp
    basename = self._ensure_relative_to_basetemp(basename)
               ^^^^^^^^^^^^^^^^^^^^^^^^^^^^^^^^^^^^^^^^^^^
.venv\Lib\site-packages\_pytest\tmpdir.py:111: in _ensure_relative_to_basetemp
    if (self.getbasetemp() / basename).resolve().parent != self.getbasetemp():
        ^^^^^^^^^^^^^^^^^^
.venv\Lib\site-packages\_pytest\tmpdir.py:186: in getbasetemp
    basetemp = make_numbered_dir_with_cleanup(
.venv\Lib\site-packages\_pytest\pathlib.py:407: in make_numbered_dir_with_cleanup
    raise e
.venv\Lib\site-packages\_pytest\pathlib.py:388: in make_numbered_dir_with_cleanup
    p = make_numbered_dir(root, prefix, mode)
        ^^^^^^^^^^^^^^^^^^^^^^^^^^^^^^^^^^^^^
.venv\Lib\site-packages\_pytest\pathlib.py:229: in make_numbered_dir
    max_existing = max(map(parse_num, find_suffixes(root, prefix)), default=-1)
                   ^^^^^^^^^^^^^^^^^^^^^^^^^^^^^^^^^^^^^^^^^^^^^^^^^^^^^^^^^^^^
.venv\Lib\site-packages\_pytest\pathlib.py:188: in extract_suffixes
    for entry in iter:
                 ^^^^
_ _ _ _ _ _ _ _ _ _ _ _ _ _ _ _ _ _ _ _ _ _ _ _ _ _ _ _ _ _ _ _ _ _ _ _ _ _ _ _

root = WindowsPath('C:/Users/XL/AppData/Local/Temp/pytest-of-XL')
prefix = 'pytest-'

    def find_prefixed(root: Path, prefix: str) -> Iterator[os.DirEntry[str]]:
        """Find all elements in root that begin with the prefix, case-insensitive."""
        l_prefix = prefix.lower()
>       for x in os.scandir(root):
                 ^^^^^^^^^^^^^^^^
E       PermissionError: [WinError 5] 拒绝访问。: 'C:\\Users\\XL\\AppData\\Local\\Temp\\pytest-of-XL'

.venv\Lib\site-packages\_pytest\pathlib.py:176: PermissionError
_ ERROR at setup of test_ol_multi_fc_multi_location_kg_fallback_and_progress __

cls = <class '_pytest.runner.CallInfo'>
func = <function call_and_report.<locals>.<lambda> at 0x000001845CD0B740>
when = 'setup'
reraise = (<class '_pytest.outcomes.Exit'>, <class 'KeyboardInterrupt'>)

    @classmethod
    def from_call(
        cls,
        func: Callable[[], TResult],
        when: Literal["collect", "setup", "call", "teardown"],
        reraise: type[BaseException] | tuple[type[BaseException], ...] | None = None,
    ) -> CallInfo[TResult]:
        """Call func, wrapping the result in a CallInfo.
    
        :param func:
            The function to call. Called without arguments.
        :type func: Callable[[], _pytest.runner.TResult]
        :param when:
            The phase in which the function is called.
        :param reraise:
            Exception or exceptions that shall propagate if raised by the
            function, instead of being wrapped in the CallInfo.
        """
        excinfo = None
        instant = timing.Instant()
        try:
>           result: TResult | None = func()
                                     ^^^^^^

.venv\Lib\site-packages\_pytest\runner.py:344: 
_ _ _ _ _ _ _ _ _ _ _ _ _ _ _ _ _ _ _ _ _ _ _ _ _ _ _ _ _ _ _ _ _ _ _ _ _ _ _ _
.venv\Lib\site-packages\_pytest\runner.py:246: in <lambda>
    lambda: runtest_hook(item=item, **kwds), when=when, reraise=reraise
            ^^^^^^^^^^^^^^^^^^^^^^^^^^^^^^^
.venv\Lib\site-packages\pluggy\_hooks.py:512: in __call__
    return self._hookexec(self.name, self._hookimpls.copy(), kwargs, firstresult)
           ^^^^^^^^^^^^^^^^^^^^^^^^^^^^^^^^^^^^^^^^^^^^^^^^^^^^^^^^^^^^^^^^^^^^^^
.venv\Lib\site-packages\pluggy\_manager.py:120: in _hookexec
    return self._inner_hookexec(hook_name, methods, kwargs, firstresult)
           ^^^^^^^^^^^^^^^^^^^^^^^^^^^^^^^^^^^^^^^^^^^^^^^^^^^^^^^^^^^^^
.venv\Lib\site-packages\_pytest\logging.py:843: in pytest_runtest_setup
    yield
.venv\Lib\site-packages\_pytest\capture.py:895: in pytest_runtest_setup
    return (yield)
            ^^^^^
.venv\Lib\site-packages\_pytest\runner.py:164: in pytest_runtest_setup
    item.session._setupstate.setup(item)
.venv\Lib\site-packages\_pytest\runner.py:514: in setup
    col.setup()
.venv\Lib\site-packages\_pytest\python.py:1674: in setup
    self._request._fillfixtures()
.venv\Lib\site-packages\_pytest\fixtures.py:719: in _fillfixtures
    item.funcargs[argname] = self.getfixturevalue(argname)
                             ^^^^^^^^^^^^^^^^^^^^^^^^^^^^^
.venv\Lib\site-packages\_pytest\fixtures.py:548: in getfixturevalue
    fixturedef = self._get_active_fixturedef(argname)
                 ^^^^^^^^^^^^^^^^^^^^^^^^^^^^^^^^^^^^
.venv\Lib\site-packages\_pytest\fixtures.py:639: in _get_active_fixturedef
    fixturedef.execute(request=subrequest)
.venv\Lib\site-packages\_pytest\fixtures.py:1127: in execute
    result = ihook.pytest_fixture_setup(fixturedef=self, request=request)
             ^^^^^^^^^^^^^^^^^^^^^^^^^^^^^^^^^^^^^^^^^^^^^^^^^^^^^^^^^^^^
.venv\Lib\site-packages\pluggy\_hooks.py:512: in __call__
    return self._hookexec(self.name, self._hookimpls.copy(), kwargs, firstresult)
           ^^^^^^^^^^^^^^^^^^^^^^^^^^^^^^^^^^^^^^^^^^^^^^^^^^^^^^^^^^^^^^^^^^^^^^
.venv\Lib\site-packages\pluggy\_manager.py:120: in _hookexec
    return self._inner_hookexec(hook_name, methods, kwargs, firstresult)
           ^^^^^^^^^^^^^^^^^^^^^^^^^^^^^^^^^^^^^^^^^^^^^^^^^^^^^^^^^^^^^
.venv\Lib\site-packages\pluggy\_callers.py:53: in run_old_style_hookwrapper
    return result.get_result()
           ^^^^^^^^^^^^^^^^^^^
.venv\Lib\site-packages\pluggy\_callers.py:38: in run_old_style_hookwrapper
    res = yield
          ^^^^^
.venv\Lib\site-packages\_pytest\setuponly.py:36: in pytest_fixture_setup
    return (yield)
            ^^^^^
.venv\Lib\site-packages\_pytest\fixtures.py:1195: in pytest_fixture_setup
    result = call_fixture_func(fixturefunc, request, kwargs)
             ^^^^^^^^^^^^^^^^^^^^^^^^^^^^^^^^^^^^^^^^^^^^^^^
.venv\Lib\site-packages\_pytest\fixtures.py:922: in call_fixture_func
    fixture_result = next(generator)
                     ^^^^^^^^^^^^^^^
.venv\Lib\site-packages\_pytest\tmpdir.py:264: in tmp_path
    path = _mk_tmp(request, tmp_path_factory)
           ^^^^^^^^^^^^^^^^^^^^^^^^^^^^^^^^^^
.venv\Lib\site-packages\_pytest\tmpdir.py:251: in _mk_tmp
    return factory.mktemp(name, numbered=True)
           ^^^^^^^^^^^^^^^^^^^^^^^^^^^^^^^^^^^
.venv\Lib\site-packages\_pytest\tmpdir.py:130: in mktemp
    basename = self._ensure_relative_to_basetemp(basename)
               ^^^^^^^^^^^^^^^^^^^^^^^^^^^^^^^^^^^^^^^^^^^
.venv\Lib\site-packages\_pytest\tmpdir.py:111: in _ensure_relative_to_basetemp
    if (self.getbasetemp() / basename).resolve().parent != self.getbasetemp():
        ^^^^^^^^^^^^^^^^^^
.venv\Lib\site-packages\_pytest\tmpdir.py:186: in getbasetemp
    basetemp = make_numbered_dir_with_cleanup(
.venv\Lib\site-packages\_pytest\pathlib.py:407: in make_numbered_dir_with_cleanup
    raise e
.venv\Lib\site-packages\_pytest\pathlib.py:388: in make_numbered_dir_with_cleanup
    p = make_numbered_dir(root, prefix, mode)
        ^^^^^^^^^^^^^^^^^^^^^^^^^^^^^^^^^^^^^
.venv\Lib\site-packages\_pytest\pathlib.py:229: in make_numbered_dir
    max_existing = max(map(parse_num, find_suffixes(root, prefix)), default=-1)
                   ^^^^^^^^^^^^^^^^^^^^^^^^^^^^^^^^^^^^^^^^^^^^^^^^^^^^^^^^^^^^
.venv\Lib\site-packages\_pytest\pathlib.py:188: in extract_suffixes
    for entry in iter:
                 ^^^^
_ _ _ _ _ _ _ _ _ _ _ _ _ _ _ _ _ _ _ _ _ _ _ _ _ _ _ _ _ _ _ _ _ _ _ _ _ _ _ _

root = WindowsPath('C:/Users/XL/AppData/Local/Temp/pytest-of-XL')
prefix = 'pytest-'

    def find_prefixed(root: Path, prefix: str) -> Iterator[os.DirEntry[str]]:
        """Find all elements in root that begin with the prefix, case-insensitive."""
        l_prefix = prefix.lower()
>       for x in os.scandir(root):
                 ^^^^^^^^^^^^^^^^
E       PermissionError: [WinError 5] 拒绝访问。: 'C:\\Users\\XL\\AppData\\Local\\Temp\\pytest-of-XL'

.venv\Lib\site-packages\_pytest\pathlib.py:176: PermissionError
___ ERROR at setup of test_file_hash_row_fingerprint_and_duplicate_warning ____

cls = <class '_pytest.runner.CallInfo'>
func = <function call_and_report.<locals>.<lambda> at 0x000001845CD0B6A0>
when = 'setup'
reraise = (<class '_pytest.outcomes.Exit'>, <class 'KeyboardInterrupt'>)

    @classmethod
    def from_call(
        cls,
        func: Callable[[], TResult],
        when: Literal["collect", "setup", "call", "teardown"],
        reraise: type[BaseException] | tuple[type[BaseException], ...] | None = None,
    ) -> CallInfo[TResult]:
        """Call func, wrapping the result in a CallInfo.
    
        :param func:
            The function to call. Called without arguments.
        :type func: Callable[[], _pytest.runner.TResult]
        :param when:
            The phase in which the function is called.
        :param reraise:
            Exception or exceptions that shall propagate if raised by the
            function, instead of being wrapped in the CallInfo.
        """
        excinfo = None
        instant = timing.Instant()
        try:
>           result: TResult | None = func()
                                     ^^^^^^

.venv\Lib\site-packages\_pytest\runner.py:344: 
_ _ _ _ _ _ _ _ _ _ _ _ _ _ _ _ _ _ _ _ _ _ _ _ _ _ _ _ _ _ _ _ _ _ _ _ _ _ _ _
.venv\Lib\site-packages\_pytest\runner.py:246: in <lambda>
    lambda: runtest_hook(item=item, **kwds), when=when, reraise=reraise
            ^^^^^^^^^^^^^^^^^^^^^^^^^^^^^^^
.venv\Lib\site-packages\pluggy\_hooks.py:512: in __call__
    return self._hookexec(self.name, self._hookimpls.copy(), kwargs, firstresult)
           ^^^^^^^^^^^^^^^^^^^^^^^^^^^^^^^^^^^^^^^^^^^^^^^^^^^^^^^^^^^^^^^^^^^^^^
.venv\Lib\site-packages\pluggy\_manager.py:120: in _hookexec
    return self._inner_hookexec(hook_name, methods, kwargs, firstresult)
           ^^^^^^^^^^^^^^^^^^^^^^^^^^^^^^^^^^^^^^^^^^^^^^^^^^^^^^^^^^^^^
.venv\Lib\site-packages\_pytest\logging.py:843: in pytest_runtest_setup
    yield
.venv\Lib\site-packages\_pytest\capture.py:895: in pytest_runtest_setup
    return (yield)
            ^^^^^
.venv\Lib\site-packages\_pytest\runner.py:164: in pytest_runtest_setup
    item.session._setupstate.setup(item)
.venv\Lib\site-packages\_pytest\runner.py:514: in setup
    col.setup()
.venv\Lib\site-packages\_pytest\python.py:1674: in setup
    self._request._fillfixtures()
.venv\Lib\site-packages\_pytest\fixtures.py:719: in _fillfixtures
    item.funcargs[argname] = self.getfixturevalue(argname)
                             ^^^^^^^^^^^^^^^^^^^^^^^^^^^^^
.venv\Lib\site-packages\_pytest\fixtures.py:548: in getfixturevalue
    fixturedef = self._get_active_fixturedef(argname)
                 ^^^^^^^^^^^^^^^^^^^^^^^^^^^^^^^^^^^^
.venv\Lib\site-packages\_pytest\fixtures.py:639: in _get_active_fixturedef
    fixturedef.execute(request=subrequest)
.venv\Lib\site-packages\_pytest\fixtures.py:1127: in execute
    result = ihook.pytest_fixture_setup(fixturedef=self, request=request)
             ^^^^^^^^^^^^^^^^^^^^^^^^^^^^^^^^^^^^^^^^^^^^^^^^^^^^^^^^^^^^
.venv\Lib\site-packages\pluggy\_hooks.py:512: in __call__
    return self._hookexec(self.name, self._hookimpls.copy(), kwargs, firstresult)
           ^^^^^^^^^^^^^^^^^^^^^^^^^^^^^^^^^^^^^^^^^^^^^^^^^^^^^^^^^^^^^^^^^^^^^^
.venv\Lib\site-packages\pluggy\_manager.py:120: in _hookexec
    return self._inner_hookexec(hook_name, methods, kwargs, firstresult)
           ^^^^^^^^^^^^^^^^^^^^^^^^^^^^^^^^^^^^^^^^^^^^^^^^^^^^^^^^^^^^^
.venv\Lib\site-packages\pluggy\_callers.py:53: in run_old_style_hookwrapper
    return result.get_result()
           ^^^^^^^^^^^^^^^^^^^
.venv\Lib\site-packages\pluggy\_callers.py:38: in run_old_style_hookwrapper
    res = yield
          ^^^^^
.venv\Lib\site-packages\_pytest\setuponly.py:36: in pytest_fixture_setup
    return (yield)
            ^^^^^
.venv\Lib\site-packages\_pytest\fixtures.py:1195: in pytest_fixture_setup
    result = call_fixture_func(fixturefunc, request, kwargs)
             ^^^^^^^^^^^^^^^^^^^^^^^^^^^^^^^^^^^^^^^^^^^^^^^
.venv\Lib\site-packages\_pytest\fixtures.py:922: in call_fixture_func
    fixture_result = next(generator)
                     ^^^^^^^^^^^^^^^
.venv\Lib\site-packages\_pytest\tmpdir.py:264: in tmp_path
    path = _mk_tmp(request, tmp_path_factory)
           ^^^^^^^^^^^^^^^^^^^^^^^^^^^^^^^^^^
.venv\Lib\site-packages\_pytest\tmpdir.py:251: in _mk_tmp
    return factory.mktemp(name, numbered=True)
           ^^^^^^^^^^^^^^^^^^^^^^^^^^^^^^^^^^^
.venv\Lib\site-packages\_pytest\tmpdir.py:130: in mktemp
    basename = self._ensure_relative_to_basetemp(basename)
               ^^^^^^^^^^^^^^^^^^^^^^^^^^^^^^^^^^^^^^^^^^^
.venv\Lib\site-packages\_pytest\tmpdir.py:111: in _ensure_relative_to_basetemp
    if (self.getbasetemp() / basename).resolve().parent != self.getbasetemp():
        ^^^^^^^^^^^^^^^^^^
.venv\Lib\site-packages\_pytest\tmpdir.py:186: in getbasetemp
    basetemp = make_numbered_dir_with_cleanup(
.venv\Lib\site-packages\_pytest\pathlib.py:407: in make_numbered_dir_with_cleanup
    raise e
.venv\Lib\site-packages\_pytest\pathlib.py:388: in make_numbered_dir_with_cleanup
    p = make_numbered_dir(root, prefix, mode)
        ^^^^^^^^^^^^^^^^^^^^^^^^^^^^^^^^^^^^^
.venv\Lib\site-packages\_pytest\pathlib.py:229: in make_numbered_dir
    max_existing = max(map(parse_num, find_suffixes(root, prefix)), default=-1)
                   ^^^^^^^^^^^^^^^^^^^^^^^^^^^^^^^^^^^^^^^^^^^^^^^^^^^^^^^^^^^^
.venv\Lib\site-packages\_pytest\pathlib.py:188: in extract_suffixes
    for entry in iter:
                 ^^^^
_ _ _ _ _ _ _ _ _ _ _ _ _ _ _ _ _ _ _ _ _ _ _ _ _ _ _ _ _ _ _ _ _ _ _ _ _ _ _ _

root = WindowsPath('C:/Users/XL/AppData/Local/Temp/pytest-of-XL')
prefix = 'pytest-'

    def find_prefixed(root: Path, prefix: str) -> Iterator[os.DirEntry[str]]:
        """Find all elements in root that begin with the prefix, case-insensitive."""
        l_prefix = prefix.lower()
>       for x in os.scandir(root):
                 ^^^^^^^^^^^^^^^^
E       PermissionError: [WinError 5] 拒绝访问。: 'C:\\Users\\XL\\AppData\\Local\\Temp\\pytest-of-XL'

.venv\Lib\site-packages\_pytest\pathlib.py:176: PermissionError
_______ ERROR at setup of test_large_batch_validation_and_error_export ________

cls = <class '_pytest.runner.CallInfo'>
func = <function call_and_report.<locals>.<lambda> at 0x000001845CD0BEC0>
when = 'setup'
reraise = (<class '_pytest.outcomes.Exit'>, <class 'KeyboardInterrupt'>)

    @classmethod
    def from_call(
        cls,
        func: Callable[[], TResult],
        when: Literal["collect", "setup", "call", "teardown"],
        reraise: type[BaseException] | tuple[type[BaseException], ...] | None = None,
    ) -> CallInfo[TResult]:
        """Call func, wrapping the result in a CallInfo.
    
        :param func:
            The function to call. Called without arguments.
        :type func: Callable[[], _pytest.runner.TResult]
        :param when:
            The phase in which the function is called.
        :param reraise:
            Exception or exceptions that shall propagate if raised by the
            function, instead of being wrapped in the CallInfo.
        """
        excinfo = None
        instant = timing.Instant()
        try:
>           result: TResult | None = func()
                                     ^^^^^^

.venv\Lib\site-packages\_pytest\runner.py:344: 
_ _ _ _ _ _ _ _ _ _ _ _ _ _ _ _ _ _ _ _ _ _ _ _ _ _ _ _ _ _ _ _ _ _ _ _ _ _ _ _
.venv\Lib\site-packages\_pytest\runner.py:246: in <lambda>
    lambda: runtest_hook(item=item, **kwds), when=when, reraise=reraise
            ^^^^^^^^^^^^^^^^^^^^^^^^^^^^^^^
.venv\Lib\site-packages\pluggy\_hooks.py:512: in __call__
    return self._hookexec(self.name, self._hookimpls.copy(), kwargs, firstresult)
           ^^^^^^^^^^^^^^^^^^^^^^^^^^^^^^^^^^^^^^^^^^^^^^^^^^^^^^^^^^^^^^^^^^^^^^
.venv\Lib\site-packages\pluggy\_manager.py:120: in _hookexec
    return self._inner_hookexec(hook_name, methods, kwargs, firstresult)
           ^^^^^^^^^^^^^^^^^^^^^^^^^^^^^^^^^^^^^^^^^^^^^^^^^^^^^^^^^^^^^
.venv\Lib\site-packages\_pytest\logging.py:843: in pytest_runtest_setup
    yield
.venv\Lib\site-packages\_pytest\capture.py:895: in pytest_runtest_setup
    return (yield)
            ^^^^^
.venv\Lib\site-packages\_pytest\runner.py:164: in pytest_runtest_setup
    item.session._setupstate.setup(item)
.venv\Lib\site-packages\_pytest\runner.py:514: in setup
    col.setup()
.venv\Lib\site-packages\_pytest\python.py:1674: in setup
    self._request._fillfixtures()
.venv\Lib\site-packages\_pytest\fixtures.py:719: in _fillfixtures
    item.funcargs[argname] = self.getfixturevalue(argname)
                             ^^^^^^^^^^^^^^^^^^^^^^^^^^^^^
.venv\Lib\site-packages\_pytest\fixtures.py:548: in getfixturevalue
    fixturedef = self._get_active_fixturedef(argname)
                 ^^^^^^^^^^^^^^^^^^^^^^^^^^^^^^^^^^^^
.venv\Lib\site-packages\_pytest\fixtures.py:639: in _get_active_fixturedef
    fixturedef.execute(request=subrequest)
.venv\Lib\site-packages\_pytest\fixtures.py:1127: in execute
    result = ihook.pytest_fixture_setup(fixturedef=self, request=request)
             ^^^^^^^^^^^^^^^^^^^^^^^^^^^^^^^^^^^^^^^^^^^^^^^^^^^^^^^^^^^^
.venv\Lib\site-packages\pluggy\_hooks.py:512: in __call__
    return self._hookexec(self.name, self._hookimpls.copy(), kwargs, firstresult)
           ^^^^^^^^^^^^^^^^^^^^^^^^^^^^^^^^^^^^^^^^^^^^^^^^^^^^^^^^^^^^^^^^^^^^^^
.venv\Lib\site-packages\pluggy\_manager.py:120: in _hookexec
    return self._inner_hookexec(hook_name, methods, kwargs, firstresult)
           ^^^^^^^^^^^^^^^^^^^^^^^^^^^^^^^^^^^^^^^^^^^^^^^^^^^^^^^^^^^^^
.venv\Lib\site-packages\pluggy\_callers.py:53: in run_old_style_hookwrapper
    return result.get_result()
           ^^^^^^^^^^^^^^^^^^^
.venv\Lib\site-packages\pluggy\_callers.py:38: in run_old_style_hookwrapper
    res = yield
          ^^^^^
.venv\Lib\site-packages\_pytest\setuponly.py:36: in pytest_fixture_setup
    return (yield)
            ^^^^^
.venv\Lib\site-packages\_pytest\fixtures.py:1195: in pytest_fixture_setup
    result = call_fixture_func(fixturefunc, request, kwargs)
             ^^^^^^^^^^^^^^^^^^^^^^^^^^^^^^^^^^^^^^^^^^^^^^^
.venv\Lib\site-packages\_pytest\fixtures.py:922: in call_fixture_func
    fixture_result = next(generator)
                     ^^^^^^^^^^^^^^^
.venv\Lib\site-packages\_pytest\tmpdir.py:264: in tmp_path
    path = _mk_tmp(request, tmp_path_factory)
           ^^^^^^^^^^^^^^^^^^^^^^^^^^^^^^^^^^
.venv\Lib\site-packages\_pytest\tmpdir.py:251: in _mk_tmp
    return factory.mktemp(name, numbered=True)
           ^^^^^^^^^^^^^^^^^^^^^^^^^^^^^^^^^^^
.venv\Lib\site-packages\_pytest\tmpdir.py:130: in mktemp
    basename = self._ensure_relative_to_basetemp(basename)
               ^^^^^^^^^^^^^^^^^^^^^^^^^^^^^^^^^^^^^^^^^^^
.venv\Lib\site-packages\_pytest\tmpdir.py:111: in _ensure_relative_to_basetemp
    if (self.getbasetemp() / basename).resolve().parent != self.getbasetemp():
        ^^^^^^^^^^^^^^^^^^
.venv\Lib\site-packages\_pytest\tmpdir.py:186: in getbasetemp
    basetemp = make_numbered_dir_with_cleanup(
.venv\Lib\site-packages\_pytest\pathlib.py:407: in make_numbered_dir_with_cleanup
    raise e
.venv\Lib\site-packages\_pytest\pathlib.py:388: in make_numbered_dir_with_cleanup
    p = make_numbered_dir(root, prefix, mode)
        ^^^^^^^^^^^^^^^^^^^^^^^^^^^^^^^^^^^^^
.venv\Lib\site-packages\_pytest\pathlib.py:229: in make_numbered_dir
    max_existing = max(map(parse_num, find_suffixes(root, prefix)), default=-1)
                   ^^^^^^^^^^^^^^^^^^^^^^^^^^^^^^^^^^^^^^^^^^^^^^^^^^^^^^^^^^^^
.venv\Lib\site-packages\_pytest\pathlib.py:188: in extract_suffixes
    for entry in iter:
                 ^^^^
_ _ _ _ _ _ _ _ _ _ _ _ _ _ _ _ _ _ _ _ _ _ _ _ _ _ _ _ _ _ _ _ _ _ _ _ _ _ _ _

root = WindowsPath('C:/Users/XL/AppData/Local/Temp/pytest-of-XL')
prefix = 'pytest-'

    def find_prefixed(root: Path, prefix: str) -> Iterator[os.DirEntry[str]]:
        """Find all elements in root that begin with the prefix, case-insensitive."""
        l_prefix = prefix.lower()
>       for x in os.scandir(root):
                 ^^^^^^^^^^^^^^^^
E       PermissionError: [WinError 5] 拒绝访问。: 'C:\\Users\\XL\\AppData\\Local\\Temp\\pytest-of-XL'

.venv\Lib\site-packages\_pytest\pathlib.py:176: PermissionError
___ ERROR at setup of test_ol_confirm_trace_multi_location_and_idempotency ____

cls = <class '_pytest.runner.CallInfo'>
func = <function call_and_report.<locals>.<lambda> at 0x000001845CD02FC0>
when = 'setup'
reraise = (<class '_pytest.outcomes.Exit'>, <class 'KeyboardInterrupt'>)

    @classmethod
    def from_call(
        cls,
        func: Callable[[], TResult],
        when: Literal["collect", "setup", "call", "teardown"],
        reraise: type[BaseException] | tuple[type[BaseException], ...] | None = None,
    ) -> CallInfo[TResult]:
        """Call func, wrapping the result in a CallInfo.
    
        :param func:
            The function to call. Called without arguments.
        :type func: Callable[[], _pytest.runner.TResult]
        :param when:
            The phase in which the function is called.
        :param reraise:
            Exception or exceptions that shall propagate if raised by the
            function, instead of being wrapped in the CallInfo.
        """
        excinfo = None
        instant = timing.Instant()
        try:
>           result: TResult | None = func()
                                     ^^^^^^

.venv\Lib\site-packages\_pytest\runner.py:344: 
_ _ _ _ _ _ _ _ _ _ _ _ _ _ _ _ _ _ _ _ _ _ _ _ _ _ _ _ _ _ _ _ _ _ _ _ _ _ _ _
.venv\Lib\site-packages\_pytest\runner.py:246: in <lambda>
    lambda: runtest_hook(item=item, **kwds), when=when, reraise=reraise
            ^^^^^^^^^^^^^^^^^^^^^^^^^^^^^^^
.venv\Lib\site-packages\pluggy\_hooks.py:512: in __call__
    return self._hookexec(self.name, self._hookimpls.copy(), kwargs, firstresult)
           ^^^^^^^^^^^^^^^^^^^^^^^^^^^^^^^^^^^^^^^^^^^^^^^^^^^^^^^^^^^^^^^^^^^^^^
.venv\Lib\site-packages\pluggy\_manager.py:120: in _hookexec
    return self._inner_hookexec(hook_name, methods, kwargs, firstresult)
           ^^^^^^^^^^^^^^^^^^^^^^^^^^^^^^^^^^^^^^^^^^^^^^^^^^^^^^^^^^^^^
.venv\Lib\site-packages\_pytest\logging.py:843: in pytest_runtest_setup
    yield
.venv\Lib\site-packages\_pytest\capture.py:895: in pytest_runtest_setup
    return (yield)
            ^^^^^
.venv\Lib\site-packages\_pytest\runner.py:164: in pytest_runtest_setup
    item.session._setupstate.setup(item)
.venv\Lib\site-packages\_pytest\runner.py:514: in setup
    col.setup()
.venv\Lib\site-packages\_pytest\python.py:1674: in setup
    self._request._fillfixtures()
.venv\Lib\site-packages\_pytest\fixtures.py:719: in _fillfixtures
    item.funcargs[argname] = self.getfixturevalue(argname)
                             ^^^^^^^^^^^^^^^^^^^^^^^^^^^^^
.venv\Lib\site-packages\_pytest\fixtures.py:548: in getfixturevalue
    fixturedef = self._get_active_fixturedef(argname)
                 ^^^^^^^^^^^^^^^^^^^^^^^^^^^^^^^^^^^^
.venv\Lib\site-packages\_pytest\fixtures.py:639: in _get_active_fixturedef
    fixturedef.execute(request=subrequest)
.venv\Lib\site-packages\_pytest\fixtures.py:1127: in execute
    result = ihook.pytest_fixture_setup(fixturedef=self, request=request)
             ^^^^^^^^^^^^^^^^^^^^^^^^^^^^^^^^^^^^^^^^^^^^^^^^^^^^^^^^^^^^
.venv\Lib\site-packages\pluggy\_hooks.py:512: in __call__
    return self._hookexec(self.name, self._hookimpls.copy(), kwargs, firstresult)
           ^^^^^^^^^^^^^^^^^^^^^^^^^^^^^^^^^^^^^^^^^^^^^^^^^^^^^^^^^^^^^^^^^^^^^^
.venv\Lib\site-packages\pluggy\_manager.py:120: in _hookexec
    return self._inner_hookexec(hook_name, methods, kwargs, firstresult)
           ^^^^^^^^^^^^^^^^^^^^^^^^^^^^^^^^^^^^^^^^^^^^^^^^^^^^^^^^^^^^^
.venv\Lib\site-packages\pluggy\_callers.py:53: in run_old_style_hookwrapper
    return result.get_result()
           ^^^^^^^^^^^^^^^^^^^
.venv\Lib\site-packages\pluggy\_callers.py:38: in run_old_style_hookwrapper
    res = yield
          ^^^^^
.venv\Lib\site-packages\_pytest\setuponly.py:36: in pytest_fixture_setup
    return (yield)
            ^^^^^
.venv\Lib\site-packages\_pytest\fixtures.py:1195: in pytest_fixture_setup
    result = call_fixture_func(fixturefunc, request, kwargs)
             ^^^^^^^^^^^^^^^^^^^^^^^^^^^^^^^^^^^^^^^^^^^^^^^
.venv\Lib\site-packages\_pytest\fixtures.py:922: in call_fixture_func
    fixture_result = next(generator)
                     ^^^^^^^^^^^^^^^
.venv\Lib\site-packages\_pytest\tmpdir.py:264: in tmp_path
    path = _mk_tmp(request, tmp_path_factory)
           ^^^^^^^^^^^^^^^^^^^^^^^^^^^^^^^^^^
.venv\Lib\site-packages\_pytest\tmpdir.py:251: in _mk_tmp
    return factory.mktemp(name, numbered=True)
           ^^^^^^^^^^^^^^^^^^^^^^^^^^^^^^^^^^^
.venv\Lib\site-packages\_pytest\tmpdir.py:130: in mktemp
    basename = self._ensure_relative_to_basetemp(basename)
               ^^^^^^^^^^^^^^^^^^^^^^^^^^^^^^^^^^^^^^^^^^^
.venv\Lib\site-packages\_pytest\tmpdir.py:111: in _ensure_relative_to_basetemp
    if (self.getbasetemp() / basename).resolve().parent != self.getbasetemp():
        ^^^^^^^^^^^^^^^^^^
.venv\Lib\site-packages\_pytest\tmpdir.py:186: in getbasetemp
    basetemp = make_numbered_dir_with_cleanup(
.venv\Lib\site-packages\_pytest\pathlib.py:407: in make_numbered_dir_with_cleanup
    raise e
.venv\Lib\site-packages\_pytest\pathlib.py:388: in make_numbered_dir_with_cleanup
    p = make_numbered_dir(root, prefix, mode)
        ^^^^^^^^^^^^^^^^^^^^^^^^^^^^^^^^^^^^^
.venv\Lib\site-packages\_pytest\pathlib.py:229: in make_numbered_dir
    max_existing = max(map(parse_num, find_suffixes(root, prefix)), default=-1)
                   ^^^^^^^^^^^^^^^^^^^^^^^^^^^^^^^^^^^^^^^^^^^^^^^^^^^^^^^^^^^^
.venv\Lib\site-packages\_pytest\pathlib.py:188: in extract_suffixes
    for entry in iter:
                 ^^^^
_ _ _ _ _ _ _ _ _ _ _ _ _ _ _ _ _ _ _ _ _ _ _ _ _ _ _ _ _ _ _ _ _ _ _ _ _ _ _ _

root = WindowsPath('C:/Users/XL/AppData/Local/Temp/pytest-of-XL')
prefix = 'pytest-'

    def find_prefixed(root: Path, prefix: str) -> Iterator[os.DirEntry[str]]:
        """Find all elements in root that begin with the prefix, case-insensitive."""
        l_prefix = prefix.lower()
>       for x in os.scandir(root):
                 ^^^^^^^^^^^^^^^^
E       PermissionError: [WinError 5] 拒绝访问。: 'C:\\Users\\XL\\AppData\\Local\\Temp\\pytest-of-XL'

.venv\Lib\site-packages\_pytest\pathlib.py:176: PermissionError
_ ERROR at setup of test_outbound_external_references_do_not_generate_picking_or_bol _

cls = <class '_pytest.runner.CallInfo'>
func = <function call_and_report.<locals>.<lambda> at 0x000001845CD01F80>
when = 'setup'
reraise = (<class '_pytest.outcomes.Exit'>, <class 'KeyboardInterrupt'>)

    @classmethod
    def from_call(
        cls,
        func: Callable[[], TResult],
        when: Literal["collect", "setup", "call", "teardown"],
        reraise: type[BaseException] | tuple[type[BaseException], ...] | None = None,
    ) -> CallInfo[TResult]:
        """Call func, wrapping the result in a CallInfo.
    
        :param func:
            The function to call. Called without arguments.
        :type func: Callable[[], _pytest.runner.TResult]
        :param when:
            The phase in which the function is called.
        :param reraise:
            Exception or exceptions that shall propagate if raised by the
            function, instead of being wrapped in the CallInfo.
        """
        excinfo = None
        instant = timing.Instant()
        try:
>           result: TResult | None = func()
                                     ^^^^^^

.venv\Lib\site-packages\_pytest\runner.py:344: 
_ _ _ _ _ _ _ _ _ _ _ _ _ _ _ _ _ _ _ _ _ _ _ _ _ _ _ _ _ _ _ _ _ _ _ _ _ _ _ _
.venv\Lib\site-packages\_pytest\runner.py:246: in <lambda>
    lambda: runtest_hook(item=item, **kwds), when=when, reraise=reraise
            ^^^^^^^^^^^^^^^^^^^^^^^^^^^^^^^
.venv\Lib\site-packages\pluggy\_hooks.py:512: in __call__
    return self._hookexec(self.name, self._hookimpls.copy(), kwargs, firstresult)
           ^^^^^^^^^^^^^^^^^^^^^^^^^^^^^^^^^^^^^^^^^^^^^^^^^^^^^^^^^^^^^^^^^^^^^^
.venv\Lib\site-packages\pluggy\_manager.py:120: in _hookexec
    return self._inner_hookexec(hook_name, methods, kwargs, firstresult)
           ^^^^^^^^^^^^^^^^^^^^^^^^^^^^^^^^^^^^^^^^^^^^^^^^^^^^^^^^^^^^^
.venv\Lib\site-packages\_pytest\logging.py:843: in pytest_runtest_setup
    yield
.venv\Lib\site-packages\_pytest\capture.py:895: in pytest_runtest_setup
    return (yield)
            ^^^^^
.venv\Lib\site-packages\_pytest\runner.py:164: in pytest_runtest_setup
    item.session._setupstate.setup(item)
.venv\Lib\site-packages\_pytest\runner.py:514: in setup
    col.setup()
.venv\Lib\site-packages\_pytest\python.py:1674: in setup
    self._request._fillfixtures()
.venv\Lib\site-packages\_pytest\fixtures.py:719: in _fillfixtures
    item.funcargs[argname] = self.getfixturevalue(argname)
                             ^^^^^^^^^^^^^^^^^^^^^^^^^^^^^
.venv\Lib\site-packages\_pytest\fixtures.py:548: in getfixturevalue
    fixturedef = self._get_active_fixturedef(argname)
                 ^^^^^^^^^^^^^^^^^^^^^^^^^^^^^^^^^^^^
.venv\Lib\site-packages\_pytest\fixtures.py:639: in _get_active_fixturedef
    fixturedef.execute(request=subrequest)
.venv\Lib\site-packages\_pytest\fixtures.py:1127: in execute
    result = ihook.pytest_fixture_setup(fixturedef=self, request=request)
             ^^^^^^^^^^^^^^^^^^^^^^^^^^^^^^^^^^^^^^^^^^^^^^^^^^^^^^^^^^^^
.venv\Lib\site-packages\pluggy\_hooks.py:512: in __call__
    return self._hookexec(self.name, self._hookimpls.copy(), kwargs, firstresult)
           ^^^^^^^^^^^^^^^^^^^^^^^^^^^^^^^^^^^^^^^^^^^^^^^^^^^^^^^^^^^^^^^^^^^^^^
.venv\Lib\site-packages\pluggy\_manager.py:120: in _hookexec
    return self._inner_hookexec(hook_name, methods, kwargs, firstresult)
           ^^^^^^^^^^^^^^^^^^^^^^^^^^^^^^^^^^^^^^^^^^^^^^^^^^^^^^^^^^^^^
.venv\Lib\site-packages\pluggy\_callers.py:53: in run_old_style_hookwrapper
    return result.get_result()
           ^^^^^^^^^^^^^^^^^^^
.venv\Lib\site-packages\pluggy\_callers.py:38: in run_old_style_hookwrapper
    res = yield
          ^^^^^
.venv\Lib\site-packages\_pytest\setuponly.py:36: in pytest_fixture_setup
    return (yield)
            ^^^^^
.venv\Lib\site-packages\_pytest\fixtures.py:1195: in pytest_fixture_setup
    result = call_fixture_func(fixturefunc, request, kwargs)
             ^^^^^^^^^^^^^^^^^^^^^^^^^^^^^^^^^^^^^^^^^^^^^^^
.venv\Lib\site-packages\_pytest\fixtures.py:922: in call_fixture_func
    fixture_result = next(generator)
                     ^^^^^^^^^^^^^^^
.venv\Lib\site-packages\_pytest\tmpdir.py:264: in tmp_path
    path = _mk_tmp(request, tmp_path_factory)
           ^^^^^^^^^^^^^^^^^^^^^^^^^^^^^^^^^^
.venv\Lib\site-packages\_pytest\tmpdir.py:251: in _mk_tmp
    return factory.mktemp(name, numbered=True)
           ^^^^^^^^^^^^^^^^^^^^^^^^^^^^^^^^^^^
.venv\Lib\site-packages\_pytest\tmpdir.py:130: in mktemp
    basename = self._ensure_relative_to_basetemp(basename)
               ^^^^^^^^^^^^^^^^^^^^^^^^^^^^^^^^^^^^^^^^^^^
.venv\Lib\site-packages\_pytest\tmpdir.py:111: in _ensure_relative_to_basetemp
    if (self.getbasetemp() / basename).resolve().parent != self.getbasetemp():
        ^^^^^^^^^^^^^^^^^^
.venv\Lib\site-packages\_pytest\tmpdir.py:186: in getbasetemp
    basetemp = make_numbered_dir_with_cleanup(
.venv\Lib\site-packages\_pytest\pathlib.py:407: in make_numbered_dir_with_cleanup
    raise e
.venv\Lib\site-packages\_pytest\pathlib.py:388: in make_numbered_dir_with_cleanup
    p = make_numbered_dir(root, prefix, mode)
        ^^^^^^^^^^^^^^^^^^^^^^^^^^^^^^^^^^^^^
.venv\Lib\site-packages\_pytest\pathlib.py:229: in make_numbered_dir
    max_existing = max(map(parse_num, find_suffixes(root, prefix)), default=-1)
                   ^^^^^^^^^^^^^^^^^^^^^^^^^^^^^^^^^^^^^^^^^^^^^^^^^^^^^^^^^^^^
.venv\Lib\site-packages\_pytest\pathlib.py:188: in extract_suffixes
    for entry in iter:
                 ^^^^
_ _ _ _ _ _ _ _ _ _ _ _ _ _ _ _ _ _ _ _ _ _ _ _ _ _ _ _ _ _ _ _ _ _ _ _ _ _ _ _

root = WindowsPath('C:/Users/XL/AppData/Local/Temp/pytest-of-XL')
prefix = 'pytest-'

    def find_prefixed(root: Path, prefix: str) -> Iterator[os.DirEntry[str]]:
        """Find all elements in root that begin with the prefix, case-insensitive."""
        l_prefix = prefix.lower()
>       for x in os.scandir(root):
                 ^^^^^^^^^^^^^^^^
E       PermissionError: [WinError 5] 拒绝访问。: 'C:\\Users\\XL\\AppData\\Local\\Temp\\pytest-of-XL'

.venv\Lib\site-packages\_pytest\pathlib.py:176: PermissionError
_____ ERROR at setup of test_ds_unverified_remaining_business_is_blocked ______

cls = <class '_pytest.runner.CallInfo'>
func = <function call_and_report.<locals>.<lambda> at 0x000001845CD00720>
when = 'setup'
reraise = (<class '_pytest.outcomes.Exit'>, <class 'KeyboardInterrupt'>)

    @classmethod
    def from_call(
        cls,
        func: Callable[[], TResult],
        when: Literal["collect", "setup", "call", "teardown"],
        reraise: type[BaseException] | tuple[type[BaseException], ...] | None = None,
    ) -> CallInfo[TResult]:
        """Call func, wrapping the result in a CallInfo.
    
        :param func:
            The function to call. Called without arguments.
        :type func: Callable[[], _pytest.runner.TResult]
        :param when:
            The phase in which the function is called.
        :param reraise:
            Exception or exceptions that shall propagate if raised by the
            function, instead of being wrapped in the CallInfo.
        """
        excinfo = None
        instant = timing.Instant()
        try:
>           result: TResult | None = func()
                                     ^^^^^^

.venv\Lib\site-packages\_pytest\runner.py:344: 
_ _ _ _ _ _ _ _ _ _ _ _ _ _ _ _ _ _ _ _ _ _ _ _ _ _ _ _ _ _ _ _ _ _ _ _ _ _ _ _
.venv\Lib\site-packages\_pytest\runner.py:246: in <lambda>
    lambda: runtest_hook(item=item, **kwds), when=when, reraise=reraise
            ^^^^^^^^^^^^^^^^^^^^^^^^^^^^^^^
.venv\Lib\site-packages\pluggy\_hooks.py:512: in __call__
    return self._hookexec(self.name, self._hookimpls.copy(), kwargs, firstresult)
           ^^^^^^^^^^^^^^^^^^^^^^^^^^^^^^^^^^^^^^^^^^^^^^^^^^^^^^^^^^^^^^^^^^^^^^
.venv\Lib\site-packages\pluggy\_manager.py:120: in _hookexec
    return self._inner_hookexec(hook_name, methods, kwargs, firstresult)
           ^^^^^^^^^^^^^^^^^^^^^^^^^^^^^^^^^^^^^^^^^^^^^^^^^^^^^^^^^^^^^
.venv\Lib\site-packages\_pytest\logging.py:843: in pytest_runtest_setup
    yield
.venv\Lib\site-packages\_pytest\capture.py:895: in pytest_runtest_setup
    return (yield)
            ^^^^^
.venv\Lib\site-packages\_pytest\runner.py:164: in pytest_runtest_setup
    item.session._setupstate.setup(item)
.venv\Lib\site-packages\_pytest\runner.py:514: in setup
    col.setup()
.venv\Lib\site-packages\_pytest\python.py:1674: in setup
    self._request._fillfixtures()
.venv\Lib\site-packages\_pytest\fixtures.py:719: in _fillfixtures
    item.funcargs[argname] = self.getfixturevalue(argname)
                             ^^^^^^^^^^^^^^^^^^^^^^^^^^^^^
.venv\Lib\site-packages\_pytest\fixtures.py:548: in getfixturevalue
    fixturedef = self._get_active_fixturedef(argname)
                 ^^^^^^^^^^^^^^^^^^^^^^^^^^^^^^^^^^^^
.venv\Lib\site-packages\_pytest\fixtures.py:639: in _get_active_fixturedef
    fixturedef.execute(request=subrequest)
.venv\Lib\site-packages\_pytest\fixtures.py:1127: in execute
    result = ihook.pytest_fixture_setup(fixturedef=self, request=request)
             ^^^^^^^^^^^^^^^^^^^^^^^^^^^^^^^^^^^^^^^^^^^^^^^^^^^^^^^^^^^^
.venv\Lib\site-packages\pluggy\_hooks.py:512: in __call__
    return self._hookexec(self.name, self._hookimpls.copy(), kwargs, firstresult)
           ^^^^^^^^^^^^^^^^^^^^^^^^^^^^^^^^^^^^^^^^^^^^^^^^^^^^^^^^^^^^^^^^^^^^^^
.venv\Lib\site-packages\pluggy\_manager.py:120: in _hookexec
    return self._inner_hookexec(hook_name, methods, kwargs, firstresult)
           ^^^^^^^^^^^^^^^^^^^^^^^^^^^^^^^^^^^^^^^^^^^^^^^^^^^^^^^^^^^^^
.venv\Lib\site-packages\pluggy\_callers.py:53: in run_old_style_hookwrapper
    return result.get_result()
           ^^^^^^^^^^^^^^^^^^^
.venv\Lib\site-packages\pluggy\_callers.py:38: in run_old_style_hookwrapper
    res = yield
          ^^^^^
.venv\Lib\site-packages\_pytest\setuponly.py:36: in pytest_fixture_setup
    return (yield)
            ^^^^^
.venv\Lib\site-packages\_pytest\fixtures.py:1195: in pytest_fixture_setup
    result = call_fixture_func(fixturefunc, request, kwargs)
             ^^^^^^^^^^^^^^^^^^^^^^^^^^^^^^^^^^^^^^^^^^^^^^^
.venv\Lib\site-packages\_pytest\fixtures.py:922: in call_fixture_func
    fixture_result = next(generator)
                     ^^^^^^^^^^^^^^^
.venv\Lib\site-packages\_pytest\tmpdir.py:264: in tmp_path
    path = _mk_tmp(request, tmp_path_factory)
           ^^^^^^^^^^^^^^^^^^^^^^^^^^^^^^^^^^
.venv\Lib\site-packages\_pytest\tmpdir.py:251: in _mk_tmp
    return factory.mktemp(name, numbered=True)
           ^^^^^^^^^^^^^^^^^^^^^^^^^^^^^^^^^^^
.venv\Lib\site-packages\_pytest\tmpdir.py:130: in mktemp
    basename = self._ensure_relative_to_basetemp(basename)
               ^^^^^^^^^^^^^^^^^^^^^^^^^^^^^^^^^^^^^^^^^^^
.venv\Lib\site-packages\_pytest\tmpdir.py:111: in _ensure_relative_to_basetemp
    if (self.getbasetemp() / basename).resolve().parent != self.getbasetemp():
        ^^^^^^^^^^^^^^^^^^
.venv\Lib\site-packages\_pytest\tmpdir.py:186: in getbasetemp
    basetemp = make_numbered_dir_with_cleanup(
.venv\Lib\site-packages\_pytest\pathlib.py:407: in make_numbered_dir_with_cleanup
    raise e
.venv\Lib\site-packages\_pytest\pathlib.py:388: in make_numbered_dir_with_cleanup
    p = make_numbered_dir(root, prefix, mode)
        ^^^^^^^^^^^^^^^^^^^^^^^^^^^^^^^^^^^^^
.venv\Lib\site-packages\_pytest\pathlib.py:229: in make_numbered_dir
    max_existing = max(map(parse_num, find_suffixes(root, prefix)), default=-1)
                   ^^^^^^^^^^^^^^^^^^^^^^^^^^^^^^^^^^^^^^^^^^^^^^^^^^^^^^^^^^^^
.venv\Lib\site-packages\_pytest\pathlib.py:188: in extract_suffixes
    for entry in iter:
                 ^^^^
_ _ _ _ _ _ _ _ _ _ _ _ _ _ _ _ _ _ _ _ _ _ _ _ _ _ _ _ _ _ _ _ _ _ _ _ _ _ _ _

root = WindowsPath('C:/Users/XL/AppData/Local/Temp/pytest-of-XL')
prefix = 'pytest-'

    def find_prefixed(root: Path, prefix: str) -> Iterator[os.DirEntry[str]]:
        """Find all elements in root that begin with the prefix, case-insensitive."""
        l_prefix = prefix.lower()
>       for x in os.scandir(root):
                 ^^^^^^^^^^^^^^^^
E       PermissionError: [WinError 5] 拒绝访问。: 'C:\\Users\\XL\\AppData\\Local\\Temp\\pytest-of-XL'

.venv\Lib\site-packages\_pytest\pathlib.py:176: PermissionError
_ ERROR at setup of test_explicit_upload_claims_must_match_inferred_relations[claim0] _

cls = <class '_pytest.runner.CallInfo'>
func = <function call_and_report.<locals>.<lambda> at 0x000001845CD00C20>
when = 'setup'
reraise = (<class '_pytest.outcomes.Exit'>, <class 'KeyboardInterrupt'>)

    @classmethod
    def from_call(
        cls,
        func: Callable[[], TResult],
        when: Literal["collect", "setup", "call", "teardown"],
        reraise: type[BaseException] | tuple[type[BaseException], ...] | None = None,
    ) -> CallInfo[TResult]:
        """Call func, wrapping the result in a CallInfo.
    
        :param func:
            The function to call. Called without arguments.
        :type func: Callable[[], _pytest.runner.TResult]
        :param when:
            The phase in which the function is called.
        :param reraise:
            Exception or exceptions that shall propagate if raised by the
            function, instead of being wrapped in the CallInfo.
        """
        excinfo = None
        instant = timing.Instant()
        try:
>           result: TResult | None = func()
                                     ^^^^^^

.venv\Lib\site-packages\_pytest\runner.py:344: 
_ _ _ _ _ _ _ _ _ _ _ _ _ _ _ _ _ _ _ _ _ _ _ _ _ _ _ _ _ _ _ _ _ _ _ _ _ _ _ _
.venv\Lib\site-packages\_pytest\runner.py:246: in <lambda>
    lambda: runtest_hook(item=item, **kwds), when=when, reraise=reraise
            ^^^^^^^^^^^^^^^^^^^^^^^^^^^^^^^
.venv\Lib\site-packages\pluggy\_hooks.py:512: in __call__
    return self._hookexec(self.name, self._hookimpls.copy(), kwargs, firstresult)
           ^^^^^^^^^^^^^^^^^^^^^^^^^^^^^^^^^^^^^^^^^^^^^^^^^^^^^^^^^^^^^^^^^^^^^^
.venv\Lib\site-packages\pluggy\_manager.py:120: in _hookexec
    return self._inner_hookexec(hook_name, methods, kwargs, firstresult)
           ^^^^^^^^^^^^^^^^^^^^^^^^^^^^^^^^^^^^^^^^^^^^^^^^^^^^^^^^^^^^^
.venv\Lib\site-packages\_pytest\logging.py:843: in pytest_runtest_setup
    yield
.venv\Lib\site-packages\_pytest\capture.py:895: in pytest_runtest_setup
    return (yield)
            ^^^^^
.venv\Lib\site-packages\_pytest\runner.py:164: in pytest_runtest_setup
    item.session._setupstate.setup(item)
.venv\Lib\site-packages\_pytest\runner.py:514: in setup
    col.setup()
.venv\Lib\site-packages\_pytest\python.py:1674: in setup
    self._request._fillfixtures()
.venv\Lib\site-packages\_pytest\fixtures.py:719: in _fillfixtures
    item.funcargs[argname] = self.getfixturevalue(argname)
                             ^^^^^^^^^^^^^^^^^^^^^^^^^^^^^
.venv\Lib\site-packages\_pytest\fixtures.py:548: in getfixturevalue
    fixturedef = self._get_active_fixturedef(argname)
                 ^^^^^^^^^^^^^^^^^^^^^^^^^^^^^^^^^^^^
.venv\Lib\site-packages\_pytest\fixtures.py:639: in _get_active_fixturedef
    fixturedef.execute(request=subrequest)
.venv\Lib\site-packages\_pytest\fixtures.py:1127: in execute
    result = ihook.pytest_fixture_setup(fixturedef=self, request=request)
             ^^^^^^^^^^^^^^^^^^^^^^^^^^^^^^^^^^^^^^^^^^^^^^^^^^^^^^^^^^^^
.venv\Lib\site-packages\pluggy\_hooks.py:512: in __call__
    return self._hookexec(self.name, self._hookimpls.copy(), kwargs, firstresult)
           ^^^^^^^^^^^^^^^^^^^^^^^^^^^^^^^^^^^^^^^^^^^^^^^^^^^^^^^^^^^^^^^^^^^^^^
.venv\Lib\site-packages\pluggy\_manager.py:120: in _hookexec
    return self._inner_hookexec(hook_name, methods, kwargs, firstresult)
           ^^^^^^^^^^^^^^^^^^^^^^^^^^^^^^^^^^^^^^^^^^^^^^^^^^^^^^^^^^^^^
.venv\Lib\site-packages\pluggy\_callers.py:53: in run_old_style_hookwrapper
    return result.get_result()
           ^^^^^^^^^^^^^^^^^^^
.venv\Lib\site-packages\pluggy\_callers.py:38: in run_old_style_hookwrapper
    res = yield
          ^^^^^
.venv\Lib\site-packages\_pytest\setuponly.py:36: in pytest_fixture_setup
    return (yield)
            ^^^^^
.venv\Lib\site-packages\_pytest\fixtures.py:1195: in pytest_fixture_setup
    result = call_fixture_func(fixturefunc, request, kwargs)
             ^^^^^^^^^^^^^^^^^^^^^^^^^^^^^^^^^^^^^^^^^^^^^^^
.venv\Lib\site-packages\_pytest\fixtures.py:922: in call_fixture_func
    fixture_result = next(generator)
                     ^^^^^^^^^^^^^^^
.venv\Lib\site-packages\_pytest\tmpdir.py:264: in tmp_path
    path = _mk_tmp(request, tmp_path_factory)
           ^^^^^^^^^^^^^^^^^^^^^^^^^^^^^^^^^^
.venv\Lib\site-packages\_pytest\tmpdir.py:251: in _mk_tmp
    return factory.mktemp(name, numbered=True)
           ^^^^^^^^^^^^^^^^^^^^^^^^^^^^^^^^^^^
.venv\Lib\site-packages\_pytest\tmpdir.py:130: in mktemp
    basename = self._ensure_relative_to_basetemp(basename)
               ^^^^^^^^^^^^^^^^^^^^^^^^^^^^^^^^^^^^^^^^^^^
.venv\Lib\site-packages\_pytest\tmpdir.py:111: in _ensure_relative_to_basetemp
    if (self.getbasetemp() / basename).resolve().parent != self.getbasetemp():
        ^^^^^^^^^^^^^^^^^^
.venv\Lib\site-packages\_pytest\tmpdir.py:186: in getbasetemp
    basetemp = make_numbered_dir_with_cleanup(
.venv\Lib\site-packages\_pytest\pathlib.py:407: in make_numbered_dir_with_cleanup
    raise e
.venv\Lib\site-packages\_pytest\pathlib.py:388: in make_numbered_dir_with_cleanup
    p = make_numbered_dir(root, prefix, mode)
        ^^^^^^^^^^^^^^^^^^^^^^^^^^^^^^^^^^^^^
.venv\Lib\site-packages\_pytest\pathlib.py:229: in make_numbered_dir
    max_existing = max(map(parse_num, find_suffixes(root, prefix)), default=-1)
                   ^^^^^^^^^^^^^^^^^^^^^^^^^^^^^^^^^^^^^^^^^^^^^^^^^^^^^^^^^^^^
.venv\Lib\site-packages\_pytest\pathlib.py:188: in extract_suffixes
    for entry in iter:
                 ^^^^
_ _ _ _ _ _ _ _ _ _ _ _ _ _ _ _ _ _ _ _ _ _ _ _ _ _ _ _ _ _ _ _ _ _ _ _ _ _ _ _

root = WindowsPath('C:/Users/XL/AppData/Local/Temp/pytest-of-XL')
prefix = 'pytest-'

    def find_prefixed(root: Path, prefix: str) -> Iterator[os.DirEntry[str]]:
        """Find all elements in root that begin with the prefix, case-insensitive."""
        l_prefix = prefix.lower()
>       for x in os.scandir(root):
                 ^^^^^^^^^^^^^^^^
E       PermissionError: [WinError 5] 拒绝访问。: 'C:\\Users\\XL\\AppData\\Local\\Temp\\pytest-of-XL'

.venv\Lib\site-packages\_pytest\pathlib.py:176: PermissionError
_ ERROR at setup of test_explicit_upload_claims_must_match_inferred_relations[claim1] _

cls = <class '_pytest.runner.CallInfo'>
func = <function call_and_report.<locals>.<lambda> at 0x000001845D00FEC0>
when = 'setup'
reraise = (<class '_pytest.outcomes.Exit'>, <class 'KeyboardInterrupt'>)

    @classmethod
    def from_call(
        cls,
        func: Callable[[], TResult],
        when: Literal["collect", "setup", "call", "teardown"],
        reraise: type[BaseException] | tuple[type[BaseException], ...] | None = None,
    ) -> CallInfo[TResult]:
        """Call func, wrapping the result in a CallInfo.
    
        :param func:
            The function to call. Called without arguments.
        :type func: Callable[[], _pytest.runner.TResult]
        :param when:
            The phase in which the function is called.
        :param reraise:
            Exception or exceptions that shall propagate if raised by the
            function, instead of being wrapped in the CallInfo.
        """
        excinfo = None
        instant = timing.Instant()
        try:
>           result: TResult | None = func()
                                     ^^^^^^

.venv\Lib\site-packages\_pytest\runner.py:344: 
_ _ _ _ _ _ _ _ _ _ _ _ _ _ _ _ _ _ _ _ _ _ _ _ _ _ _ _ _ _ _ _ _ _ _ _ _ _ _ _
.venv\Lib\site-packages\_pytest\runner.py:246: in <lambda>
    lambda: runtest_hook(item=item, **kwds), when=when, reraise=reraise
            ^^^^^^^^^^^^^^^^^^^^^^^^^^^^^^^
.venv\Lib\site-packages\pluggy\_hooks.py:512: in __call__
    return self._hookexec(self.name, self._hookimpls.copy(), kwargs, firstresult)
           ^^^^^^^^^^^^^^^^^^^^^^^^^^^^^^^^^^^^^^^^^^^^^^^^^^^^^^^^^^^^^^^^^^^^^^
.venv\Lib\site-packages\pluggy\_manager.py:120: in _hookexec
    return self._inner_hookexec(hook_name, methods, kwargs, firstresult)
           ^^^^^^^^^^^^^^^^^^^^^^^^^^^^^^^^^^^^^^^^^^^^^^^^^^^^^^^^^^^^^
.venv\Lib\site-packages\_pytest\logging.py:843: in pytest_runtest_setup
    yield
.venv\Lib\site-packages\_pytest\capture.py:895: in pytest_runtest_setup
    return (yield)
            ^^^^^
.venv\Lib\site-packages\_pytest\runner.py:164: in pytest_runtest_setup
    item.session._setupstate.setup(item)
.venv\Lib\site-packages\_pytest\runner.py:514: in setup
    col.setup()
.venv\Lib\site-packages\_pytest\python.py:1674: in setup
    self._request._fillfixtures()
.venv\Lib\site-packages\_pytest\fixtures.py:719: in _fillfixtures
    item.funcargs[argname] = self.getfixturevalue(argname)
                             ^^^^^^^^^^^^^^^^^^^^^^^^^^^^^
.venv\Lib\site-packages\_pytest\fixtures.py:548: in getfixturevalue
    fixturedef = self._get_active_fixturedef(argname)
                 ^^^^^^^^^^^^^^^^^^^^^^^^^^^^^^^^^^^^
.venv\Lib\site-packages\_pytest\fixtures.py:639: in _get_active_fixturedef
    fixturedef.execute(request=subrequest)
.venv\Lib\site-packages\_pytest\fixtures.py:1127: in execute
    result = ihook.pytest_fixture_setup(fixturedef=self, request=request)
             ^^^^^^^^^^^^^^^^^^^^^^^^^^^^^^^^^^^^^^^^^^^^^^^^^^^^^^^^^^^^
.venv\Lib\site-packages\pluggy\_hooks.py:512: in __call__
    return self._hookexec(self.name, self._hookimpls.copy(), kwargs, firstresult)
           ^^^^^^^^^^^^^^^^^^^^^^^^^^^^^^^^^^^^^^^^^^^^^^^^^^^^^^^^^^^^^^^^^^^^^^
.venv\Lib\site-packages\pluggy\_manager.py:120: in _hookexec
    return self._inner_hookexec(hook_name, methods, kwargs, firstresult)
           ^^^^^^^^^^^^^^^^^^^^^^^^^^^^^^^^^^^^^^^^^^^^^^^^^^^^^^^^^^^^^
.venv\Lib\site-packages\pluggy\_callers.py:53: in run_old_style_hookwrapper
    return result.get_result()
           ^^^^^^^^^^^^^^^^^^^
.venv\Lib\site-packages\pluggy\_callers.py:38: in run_old_style_hookwrapper
    res = yield
          ^^^^^
.venv\Lib\site-packages\_pytest\setuponly.py:36: in pytest_fixture_setup
    return (yield)
            ^^^^^
.venv\Lib\site-packages\_pytest\fixtures.py:1195: in pytest_fixture_setup
    result = call_fixture_func(fixturefunc, request, kwargs)
             ^^^^^^^^^^^^^^^^^^^^^^^^^^^^^^^^^^^^^^^^^^^^^^^
.venv\Lib\site-packages\_pytest\fixtures.py:922: in call_fixture_func
    fixture_result = next(generator)
                     ^^^^^^^^^^^^^^^
.venv\Lib\site-packages\_pytest\tmpdir.py:264: in tmp_path
    path = _mk_tmp(request, tmp_path_factory)
           ^^^^^^^^^^^^^^^^^^^^^^^^^^^^^^^^^^
.venv\Lib\site-packages\_pytest\tmpdir.py:251: in _mk_tmp
    return factory.mktemp(name, numbered=True)
           ^^^^^^^^^^^^^^^^^^^^^^^^^^^^^^^^^^^
.venv\Lib\site-packages\_pytest\tmpdir.py:130: in mktemp
    basename = self._ensure_relative_to_basetemp(basename)
               ^^^^^^^^^^^^^^^^^^^^^^^^^^^^^^^^^^^^^^^^^^^
.venv\Lib\site-packages\_pytest\tmpdir.py:111: in _ensure_relative_to_basetemp
    if (self.getbasetemp() / basename).resolve().parent != self.getbasetemp():
        ^^^^^^^^^^^^^^^^^^
.venv\Lib\site-packages\_pytest\tmpdir.py:186: in getbasetemp
    basetemp = make_numbered_dir_with_cleanup(
.venv\Lib\site-packages\_pytest\pathlib.py:407: in make_numbered_dir_with_cleanup
    raise e
.venv\Lib\site-packages\_pytest\pathlib.py:388: in make_numbered_dir_with_cleanup
    p = make_numbered_dir(root, prefix, mode)
        ^^^^^^^^^^^^^^^^^^^^^^^^^^^^^^^^^^^^^
.venv\Lib\site-packages\_pytest\pathlib.py:229: in make_numbered_dir
    max_existing = max(map(parse_num, find_suffixes(root, prefix)), default=-1)
                   ^^^^^^^^^^^^^^^^^^^^^^^^^^^^^^^^^^^^^^^^^^^^^^^^^^^^^^^^^^^^
.venv\Lib\site-packages\_pytest\pathlib.py:188: in extract_suffixes
    for entry in iter:
                 ^^^^
_ _ _ _ _ _ _ _ _ _ _ _ _ _ _ _ _ _ _ _ _ _ _ _ _ _ _ _ _ _ _ _ _ _ _ _ _ _ _ _

root = WindowsPath('C:/Users/XL/AppData/Local/Temp/pytest-of-XL')
prefix = 'pytest-'

    def find_prefixed(root: Path, prefix: str) -> Iterator[os.DirEntry[str]]:
        """Find all elements in root that begin with the prefix, case-insensitive."""
        l_prefix = prefix.lower()
>       for x in os.scandir(root):
                 ^^^^^^^^^^^^^^^^
E       PermissionError: [WinError 5] 拒绝访问。: 'C:\\Users\\XL\\AppData\\Local\\Temp\\pytest-of-XL'

.venv\Lib\site-packages\_pytest\pathlib.py:176: PermissionError
_ ERROR at setup of test_explicit_upload_claims_must_match_inferred_relations[claim2] _

cls = <class '_pytest.runner.CallInfo'>
func = <function call_and_report.<locals>.<lambda> at 0x000001845CD0AE80>
when = 'setup'
reraise = (<class '_pytest.outcomes.Exit'>, <class 'KeyboardInterrupt'>)

    @classmethod
    def from_call(
        cls,
        func: Callable[[], TResult],
        when: Literal["collect", "setup", "call", "teardown"],
        reraise: type[BaseException] | tuple[type[BaseException], ...] | None = None,
    ) -> CallInfo[TResult]:
        """Call func, wrapping the result in a CallInfo.
    
        :param func:
            The function to call. Called without arguments.
        :type func: Callable[[], _pytest.runner.TResult]
        :param when:
            The phase in which the function is called.
        :param reraise:
            Exception or exceptions that shall propagate if raised by the
            function, instead of being wrapped in the CallInfo.
        """
        excinfo = None
        instant = timing.Instant()
        try:
>           result: TResult | None = func()
                                     ^^^^^^

.venv\Lib\site-packages\_pytest\runner.py:344: 
_ _ _ _ _ _ _ _ _ _ _ _ _ _ _ _ _ _ _ _ _ _ _ _ _ _ _ _ _ _ _ _ _ _ _ _ _ _ _ _
.venv\Lib\site-packages\_pytest\runner.py:246: in <lambda>
    lambda: runtest_hook(item=item, **kwds), when=when, reraise=reraise
            ^^^^^^^^^^^^^^^^^^^^^^^^^^^^^^^
.venv\Lib\site-packages\pluggy\_hooks.py:512: in __call__
    return self._hookexec(self.name, self._hookimpls.copy(), kwargs, firstresult)
           ^^^^^^^^^^^^^^^^^^^^^^^^^^^^^^^^^^^^^^^^^^^^^^^^^^^^^^^^^^^^^^^^^^^^^^
.venv\Lib\site-packages\pluggy\_manager.py:120: in _hookexec
    return self._inner_hookexec(hook_name, methods, kwargs, firstresult)
           ^^^^^^^^^^^^^^^^^^^^^^^^^^^^^^^^^^^^^^^^^^^^^^^^^^^^^^^^^^^^^
.venv\Lib\site-packages\_pytest\logging.py:843: in pytest_runtest_setup
    yield
.venv\Lib\site-packages\_pytest\capture.py:895: in pytest_runtest_setup
    return (yield)
            ^^^^^
.venv\Lib\site-packages\_pytest\runner.py:164: in pytest_runtest_setup
    item.session._setupstate.setup(item)
.venv\Lib\site-packages\_pytest\runner.py:514: in setup
    col.setup()
.venv\Lib\site-packages\_pytest\python.py:1674: in setup
    self._request._fillfixtures()
.venv\Lib\site-packages\_pytest\fixtures.py:719: in _fillfixtures
    item.funcargs[argname] = self.getfixturevalue(argname)
                             ^^^^^^^^^^^^^^^^^^^^^^^^^^^^^
.venv\Lib\site-packages\_pytest\fixtures.py:548: in getfixturevalue
    fixturedef = self._get_active_fixturedef(argname)
                 ^^^^^^^^^^^^^^^^^^^^^^^^^^^^^^^^^^^^
.venv\Lib\site-packages\_pytest\fixtures.py:639: in _get_active_fixturedef
    fixturedef.execute(request=subrequest)
.venv\Lib\site-packages\_pytest\fixtures.py:1127: in execute
    result = ihook.pytest_fixture_setup(fixturedef=self, request=request)
             ^^^^^^^^^^^^^^^^^^^^^^^^^^^^^^^^^^^^^^^^^^^^^^^^^^^^^^^^^^^^
.venv\Lib\site-packages\pluggy\_hooks.py:512: in __call__
    return self._hookexec(self.name, self._hookimpls.copy(), kwargs, firstresult)
           ^^^^^^^^^^^^^^^^^^^^^^^^^^^^^^^^^^^^^^^^^^^^^^^^^^^^^^^^^^^^^^^^^^^^^^
.venv\Lib\site-packages\pluggy\_manager.py:120: in _hookexec
    return self._inner_hookexec(hook_name, methods, kwargs, firstresult)
           ^^^^^^^^^^^^^^^^^^^^^^^^^^^^^^^^^^^^^^^^^^^^^^^^^^^^^^^^^^^^^
.venv\Lib\site-packages\pluggy\_callers.py:53: in run_old_style_hookwrapper
    return result.get_result()
           ^^^^^^^^^^^^^^^^^^^
.venv\Lib\site-packages\pluggy\_callers.py:38: in run_old_style_hookwrapper
    res = yield
          ^^^^^
.venv\Lib\site-packages\_pytest\setuponly.py:36: in pytest_fixture_setup
    return (yield)
            ^^^^^
.venv\Lib\site-packages\_pytest\fixtures.py:1195: in pytest_fixture_setup
    result = call_fixture_func(fixturefunc, request, kwargs)
             ^^^^^^^^^^^^^^^^^^^^^^^^^^^^^^^^^^^^^^^^^^^^^^^
.venv\Lib\site-packages\_pytest\fixtures.py:922: in call_fixture_func
    fixture_result = next(generator)
                     ^^^^^^^^^^^^^^^
.venv\Lib\site-packages\_pytest\tmpdir.py:264: in tmp_path
    path = _mk_tmp(request, tmp_path_factory)
           ^^^^^^^^^^^^^^^^^^^^^^^^^^^^^^^^^^
.venv\Lib\site-packages\_pytest\tmpdir.py:251: in _mk_tmp
    return factory.mktemp(name, numbered=True)
           ^^^^^^^^^^^^^^^^^^^^^^^^^^^^^^^^^^^
.venv\Lib\site-packages\_pytest\tmpdir.py:130: in mktemp
    basename = self._ensure_relative_to_basetemp(basename)
               ^^^^^^^^^^^^^^^^^^^^^^^^^^^^^^^^^^^^^^^^^^^
.venv\Lib\site-packages\_pytest\tmpdir.py:111: in _ensure_relative_to_basetemp
    if (self.getbasetemp() / basename).resolve().parent != self.getbasetemp():
        ^^^^^^^^^^^^^^^^^^
.venv\Lib\site-packages\_pytest\tmpdir.py:186: in getbasetemp
    basetemp = make_numbered_dir_with_cleanup(
.venv\Lib\site-packages\_pytest\pathlib.py:407: in make_numbered_dir_with_cleanup
    raise e
.venv\Lib\site-packages\_pytest\pathlib.py:388: in make_numbered_dir_with_cleanup
    p = make_numbered_dir(root, prefix, mode)
        ^^^^^^^^^^^^^^^^^^^^^^^^^^^^^^^^^^^^^
.venv\Lib\site-packages\_pytest\pathlib.py:229: in make_numbered_dir
    max_existing = max(map(parse_num, find_suffixes(root, prefix)), default=-1)
                   ^^^^^^^^^^^^^^^^^^^^^^^^^^^^^^^^^^^^^^^^^^^^^^^^^^^^^^^^^^^^
.venv\Lib\site-packages\_pytest\pathlib.py:188: in extract_suffixes
    for entry in iter:
                 ^^^^
_ _ _ _ _ _ _ _ _ _ _ _ _ _ _ _ _ _ _ _ _ _ _ _ _ _ _ _ _ _ _ _ _ _ _ _ _ _ _ _

root = WindowsPath('C:/Users/XL/AppData/Local/Temp/pytest-of-XL')
prefix = 'pytest-'

    def find_prefixed(root: Path, prefix: str) -> Iterator[os.DirEntry[str]]:
        """Find all elements in root that begin with the prefix, case-insensitive."""
        l_prefix = prefix.lower()
>       for x in os.scandir(root):
                 ^^^^^^^^^^^^^^^^
E       PermissionError: [WinError 5] 拒绝访问。: 'C:\\Users\\XL\\AppData\\Local\\Temp\\pytest-of-XL'

.venv\Lib\site-packages\_pytest\pathlib.py:176: PermissionError
_ ERROR at setup of test_explicit_upload_claims_must_match_inferred_relations[claim3] _

cls = <class '_pytest.runner.CallInfo'>
func = <function call_and_report.<locals>.<lambda> at 0x000001845CD0A0C0>
when = 'setup'
reraise = (<class '_pytest.outcomes.Exit'>, <class 'KeyboardInterrupt'>)

    @classmethod
    def from_call(
        cls,
        func: Callable[[], TResult],
        when: Literal["collect", "setup", "call", "teardown"],
        reraise: type[BaseException] | tuple[type[BaseException], ...] | None = None,
    ) -> CallInfo[TResult]:
        """Call func, wrapping the result in a CallInfo.
    
        :param func:
            The function to call. Called without arguments.
        :type func: Callable[[], _pytest.runner.TResult]
        :param when:
            The phase in which the function is called.
        :param reraise:
            Exception or exceptions that shall propagate if raised by the
            function, instead of being wrapped in the CallInfo.
        """
        excinfo = None
        instant = timing.Instant()
        try:
>           result: TResult | None = func()
                                     ^^^^^^

.venv\Lib\site-packages\_pytest\runner.py:344: 
_ _ _ _ _ _ _ _ _ _ _ _ _ _ _ _ _ _ _ _ _ _ _ _ _ _ _ _ _ _ _ _ _ _ _ _ _ _ _ _
.venv\Lib\site-packages\_pytest\runner.py:246: in <lambda>
    lambda: runtest_hook(item=item, **kwds), when=when, reraise=reraise
            ^^^^^^^^^^^^^^^^^^^^^^^^^^^^^^^
.venv\Lib\site-packages\pluggy\_hooks.py:512: in __call__
    return self._hookexec(self.name, self._hookimpls.copy(), kwargs, firstresult)
           ^^^^^^^^^^^^^^^^^^^^^^^^^^^^^^^^^^^^^^^^^^^^^^^^^^^^^^^^^^^^^^^^^^^^^^
.venv\Lib\site-packages\pluggy\_manager.py:120: in _hookexec
    return self._inner_hookexec(hook_name, methods, kwargs, firstresult)
           ^^^^^^^^^^^^^^^^^^^^^^^^^^^^^^^^^^^^^^^^^^^^^^^^^^^^^^^^^^^^^
.venv\Lib\site-packages\_pytest\logging.py:843: in pytest_runtest_setup
    yield
.venv\Lib\site-packages\_pytest\capture.py:895: in pytest_runtest_setup
    return (yield)
            ^^^^^
.venv\Lib\site-packages\_pytest\runner.py:164: in pytest_runtest_setup
    item.session._setupstate.setup(item)
.venv\Lib\site-packages\_pytest\runner.py:514: in setup
    col.setup()
.venv\Lib\site-packages\_pytest\python.py:1674: in setup
    self._request._fillfixtures()
.venv\Lib\site-packages\_pytest\fixtures.py:719: in _fillfixtures
    item.funcargs[argname] = self.getfixturevalue(argname)
                             ^^^^^^^^^^^^^^^^^^^^^^^^^^^^^
.venv\Lib\site-packages\_pytest\fixtures.py:548: in getfixturevalue
    fixturedef = self._get_active_fixturedef(argname)
                 ^^^^^^^^^^^^^^^^^^^^^^^^^^^^^^^^^^^^
.venv\Lib\site-packages\_pytest\fixtures.py:639: in _get_active_fixturedef
    fixturedef.execute(request=subrequest)
.venv\Lib\site-packages\_pytest\fixtures.py:1127: in execute
    result = ihook.pytest_fixture_setup(fixturedef=self, request=request)
             ^^^^^^^^^^^^^^^^^^^^^^^^^^^^^^^^^^^^^^^^^^^^^^^^^^^^^^^^^^^^
.venv\Lib\site-packages\pluggy\_hooks.py:512: in __call__
    return self._hookexec(self.name, self._hookimpls.copy(), kwargs, firstresult)
           ^^^^^^^^^^^^^^^^^^^^^^^^^^^^^^^^^^^^^^^^^^^^^^^^^^^^^^^^^^^^^^^^^^^^^^
.venv\Lib\site-packages\pluggy\_manager.py:120: in _hookexec
    return self._inner_hookexec(hook_name, methods, kwargs, firstresult)
           ^^^^^^^^^^^^^^^^^^^^^^^^^^^^^^^^^^^^^^^^^^^^^^^^^^^^^^^^^^^^^
.venv\Lib\site-packages\pluggy\_callers.py:53: in run_old_style_hookwrapper
    return result.get_result()
           ^^^^^^^^^^^^^^^^^^^
.venv\Lib\site-packages\pluggy\_callers.py:38: in run_old_style_hookwrapper
    res = yield
          ^^^^^
.venv\Lib\site-packages\_pytest\setuponly.py:36: in pytest_fixture_setup
    return (yield)
            ^^^^^
.venv\Lib\site-packages\_pytest\fixtures.py:1195: in pytest_fixture_setup
    result = call_fixture_func(fixturefunc, request, kwargs)
             ^^^^^^^^^^^^^^^^^^^^^^^^^^^^^^^^^^^^^^^^^^^^^^^
.venv\Lib\site-packages\_pytest\fixtures.py:922: in call_fixture_func
    fixture_result = next(generator)
                     ^^^^^^^^^^^^^^^
.venv\Lib\site-packages\_pytest\tmpdir.py:264: in tmp_path
    path = _mk_tmp(request, tmp_path_factory)
           ^^^^^^^^^^^^^^^^^^^^^^^^^^^^^^^^^^
.venv\Lib\site-packages\_pytest\tmpdir.py:251: in _mk_tmp
    return factory.mktemp(name, numbered=True)
           ^^^^^^^^^^^^^^^^^^^^^^^^^^^^^^^^^^^
.venv\Lib\site-packages\_pytest\tmpdir.py:130: in mktemp
    basename = self._ensure_relative_to_basetemp(basename)
               ^^^^^^^^^^^^^^^^^^^^^^^^^^^^^^^^^^^^^^^^^^^
.venv\Lib\site-packages\_pytest\tmpdir.py:111: in _ensure_relative_to_basetemp
    if (self.getbasetemp() / basename).resolve().parent != self.getbasetemp():
        ^^^^^^^^^^^^^^^^^^
.venv\Lib\site-packages\_pytest\tmpdir.py:186: in getbasetemp
    basetemp = make_numbered_dir_with_cleanup(
.venv\Lib\site-packages\_pytest\pathlib.py:407: in make_numbered_dir_with_cleanup
    raise e
.venv\Lib\site-packages\_pytest\pathlib.py:388: in make_numbered_dir_with_cleanup
    p = make_numbered_dir(root, prefix, mode)
        ^^^^^^^^^^^^^^^^^^^^^^^^^^^^^^^^^^^^^
.venv\Lib\site-packages\_pytest\pathlib.py:229: in make_numbered_dir
    max_existing = max(map(parse_num, find_suffixes(root, prefix)), default=-1)
                   ^^^^^^^^^^^^^^^^^^^^^^^^^^^^^^^^^^^^^^^^^^^^^^^^^^^^^^^^^^^^
.venv\Lib\site-packages\_pytest\pathlib.py:188: in extract_suffixes
    for entry in iter:
                 ^^^^
_ _ _ _ _ _ _ _ _ _ _ _ _ _ _ _ _ _ _ _ _ _ _ _ _ _ _ _ _ _ _ _ _ _ _ _ _ _ _ _

root = WindowsPath('C:/Users/XL/AppData/Local/Temp/pytest-of-XL')
prefix = 'pytest-'

    def find_prefixed(root: Path, prefix: str) -> Iterator[os.DirEntry[str]]:
        """Find all elements in root that begin with the prefix, case-insensitive."""
        l_prefix = prefix.lower()
>       for x in os.scandir(root):
                 ^^^^^^^^^^^^^^^^
E       PermissionError: [WinError 5] 拒绝访问。: 'C:\\Users\\XL\\AppData\\Local\\Temp\\pytest-of-XL'

.venv\Lib\site-packages\_pytest\pathlib.py:176: PermissionError
_ ERROR at setup of test_upload_list_download_events_and_pod_does_not_change_outbound _

cls = <class '_pytest.runner.CallInfo'>
func = <function call_and_report.<locals>.<lambda> at 0x000001845C7B2C00>
when = 'setup'
reraise = (<class '_pytest.outcomes.Exit'>, <class 'KeyboardInterrupt'>)

    @classmethod
    def from_call(
        cls,
        func: Callable[[], TResult],
        when: Literal["collect", "setup", "call", "teardown"],
        reraise: type[BaseException] | tuple[type[BaseException], ...] | None = None,
    ) -> CallInfo[TResult]:
        """Call func, wrapping the result in a CallInfo.
    
        :param func:
            The function to call. Called without arguments.
        :type func: Callable[[], _pytest.runner.TResult]
        :param when:
            The phase in which the function is called.
        :param reraise:
            Exception or exceptions that shall propagate if raised by the
            function, instead of being wrapped in the CallInfo.
        """
        excinfo = None
        instant = timing.Instant()
        try:
>           result: TResult | None = func()
                                     ^^^^^^

.venv\Lib\site-packages\_pytest\runner.py:344: 
_ _ _ _ _ _ _ _ _ _ _ _ _ _ _ _ _ _ _ _ _ _ _ _ _ _ _ _ _ _ _ _ _ _ _ _ _ _ _ _
.venv\Lib\site-packages\_pytest\runner.py:246: in <lambda>
    lambda: runtest_hook(item=item, **kwds), when=when, reraise=reraise
            ^^^^^^^^^^^^^^^^^^^^^^^^^^^^^^^
.venv\Lib\site-packages\pluggy\_hooks.py:512: in __call__
    return self._hookexec(self.name, self._hookimpls.copy(), kwargs, firstresult)
           ^^^^^^^^^^^^^^^^^^^^^^^^^^^^^^^^^^^^^^^^^^^^^^^^^^^^^^^^^^^^^^^^^^^^^^
.venv\Lib\site-packages\pluggy\_manager.py:120: in _hookexec
    return self._inner_hookexec(hook_name, methods, kwargs, firstresult)
           ^^^^^^^^^^^^^^^^^^^^^^^^^^^^^^^^^^^^^^^^^^^^^^^^^^^^^^^^^^^^^
.venv\Lib\site-packages\_pytest\logging.py:843: in pytest_runtest_setup
    yield
.venv\Lib\site-packages\_pytest\capture.py:895: in pytest_runtest_setup
    return (yield)
            ^^^^^
.venv\Lib\site-packages\_pytest\runner.py:164: in pytest_runtest_setup
    item.session._setupstate.setup(item)
.venv\Lib\site-packages\_pytest\runner.py:514: in setup
    col.setup()
.venv\Lib\site-packages\_pytest\python.py:1674: in setup
    self._request._fillfixtures()
.venv\Lib\site-packages\_pytest\fixtures.py:719: in _fillfixtures
    item.funcargs[argname] = self.getfixturevalue(argname)
                             ^^^^^^^^^^^^^^^^^^^^^^^^^^^^^
.venv\Lib\site-packages\_pytest\fixtures.py:548: in getfixturevalue
    fixturedef = self._get_active_fixturedef(argname)
                 ^^^^^^^^^^^^^^^^^^^^^^^^^^^^^^^^^^^^
.venv\Lib\site-packages\_pytest\fixtures.py:639: in _get_active_fixturedef
    fixturedef.execute(request=subrequest)
.venv\Lib\site-packages\_pytest\fixtures.py:1127: in execute
    result = ihook.pytest_fixture_setup(fixturedef=self, request=request)
             ^^^^^^^^^^^^^^^^^^^^^^^^^^^^^^^^^^^^^^^^^^^^^^^^^^^^^^^^^^^^
.venv\Lib\site-packages\pluggy\_hooks.py:512: in __call__
    return self._hookexec(self.name, self._hookimpls.copy(), kwargs, firstresult)
           ^^^^^^^^^^^^^^^^^^^^^^^^^^^^^^^^^^^^^^^^^^^^^^^^^^^^^^^^^^^^^^^^^^^^^^
.venv\Lib\site-packages\pluggy\_manager.py:120: in _hookexec
    return self._inner_hookexec(hook_name, methods, kwargs, firstresult)
           ^^^^^^^^^^^^^^^^^^^^^^^^^^^^^^^^^^^^^^^^^^^^^^^^^^^^^^^^^^^^^
.venv\Lib\site-packages\pluggy\_callers.py:53: in run_old_style_hookwrapper
    return result.get_result()
           ^^^^^^^^^^^^^^^^^^^
.venv\Lib\site-packages\pluggy\_callers.py:38: in run_old_style_hookwrapper
    res = yield
          ^^^^^
.venv\Lib\site-packages\_pytest\setuponly.py:36: in pytest_fixture_setup
    return (yield)
            ^^^^^
.venv\Lib\site-packages\_pytest\fixtures.py:1195: in pytest_fixture_setup
    result = call_fixture_func(fixturefunc, request, kwargs)
             ^^^^^^^^^^^^^^^^^^^^^^^^^^^^^^^^^^^^^^^^^^^^^^^
.venv\Lib\site-packages\_pytest\fixtures.py:922: in call_fixture_func
    fixture_result = next(generator)
                     ^^^^^^^^^^^^^^^
.venv\Lib\site-packages\_pytest\tmpdir.py:264: in tmp_path
    path = _mk_tmp(request, tmp_path_factory)
           ^^^^^^^^^^^^^^^^^^^^^^^^^^^^^^^^^^
.venv\Lib\site-packages\_pytest\tmpdir.py:251: in _mk_tmp
    return factory.mktemp(name, numbered=True)
           ^^^^^^^^^^^^^^^^^^^^^^^^^^^^^^^^^^^
.venv\Lib\site-packages\_pytest\tmpdir.py:130: in mktemp
    basename = self._ensure_relative_to_basetemp(basename)
               ^^^^^^^^^^^^^^^^^^^^^^^^^^^^^^^^^^^^^^^^^^^
.venv\Lib\site-packages\_pytest\tmpdir.py:111: in _ensure_relative_to_basetemp
    if (self.getbasetemp() / basename).resolve().parent != self.getbasetemp():
        ^^^^^^^^^^^^^^^^^^
.venv\Lib\site-packages\_pytest\tmpdir.py:186: in getbasetemp
    basetemp = make_numbered_dir_with_cleanup(
.venv\Lib\site-packages\_pytest\pathlib.py:407: in make_numbered_dir_with_cleanup
    raise e
.venv\Lib\site-packages\_pytest\pathlib.py:388: in make_numbered_dir_with_cleanup
    p = make_numbered_dir(root, prefix, mode)
        ^^^^^^^^^^^^^^^^^^^^^^^^^^^^^^^^^^^^^
.venv\Lib\site-packages\_pytest\pathlib.py:229: in make_numbered_dir
    max_existing = max(map(parse_num, find_suffixes(root, prefix)), default=-1)
                   ^^^^^^^^^^^^^^^^^^^^^^^^^^^^^^^^^^^^^^^^^^^^^^^^^^^^^^^^^^^^
.venv\Lib\site-packages\_pytest\pathlib.py:188: in extract_suffixes
    for entry in iter:
                 ^^^^
_ _ _ _ _ _ _ _ _ _ _ _ _ _ _ _ _ _ _ _ _ _ _ _ _ _ _ _ _ _ _ _ _ _ _ _ _ _ _ _

root = WindowsPath('C:/Users/XL/AppData/Local/Temp/pytest-of-XL')
prefix = 'pytest-'

    def find_prefixed(root: Path, prefix: str) -> Iterator[os.DirEntry[str]]:
        """Find all elements in root that begin with the prefix, case-insensitive."""
        l_prefix = prefix.lower()
>       for x in os.scandir(root):
                 ^^^^^^^^^^^^^^^^
E       PermissionError: [WinError 5] 拒绝访问。: 'C:\\Users\\XL\\AppData\\Local\\Temp\\pytest-of-XL'

.venv\Lib\site-packages\_pytest\pathlib.py:176: PermissionError
_ ERROR at setup of test_version_supersedes_business_document_while_general_files_coexist _

cls = <class '_pytest.runner.CallInfo'>
func = <function call_and_report.<locals>.<lambda> at 0x000001845CD0BEC0>
when = 'setup'
reraise = (<class '_pytest.outcomes.Exit'>, <class 'KeyboardInterrupt'>)

    @classmethod
    def from_call(
        cls,
        func: Callable[[], TResult],
        when: Literal["collect", "setup", "call", "teardown"],
        reraise: type[BaseException] | tuple[type[BaseException], ...] | None = None,
    ) -> CallInfo[TResult]:
        """Call func, wrapping the result in a CallInfo.
    
        :param func:
            The function to call. Called without arguments.
        :type func: Callable[[], _pytest.runner.TResult]
        :param when:
            The phase in which the function is called.
        :param reraise:
            Exception or exceptions that shall propagate if raised by the
            function, instead of being wrapped in the CallInfo.
        """
        excinfo = None
        instant = timing.Instant()
        try:
>           result: TResult | None = func()
                                     ^^^^^^

.venv\Lib\site-packages\_pytest\runner.py:344: 
_ _ _ _ _ _ _ _ _ _ _ _ _ _ _ _ _ _ _ _ _ _ _ _ _ _ _ _ _ _ _ _ _ _ _ _ _ _ _ _
.venv\Lib\site-packages\_pytest\runner.py:246: in <lambda>
    lambda: runtest_hook(item=item, **kwds), when=when, reraise=reraise
            ^^^^^^^^^^^^^^^^^^^^^^^^^^^^^^^
.venv\Lib\site-packages\pluggy\_hooks.py:512: in __call__
    return self._hookexec(self.name, self._hookimpls.copy(), kwargs, firstresult)
           ^^^^^^^^^^^^^^^^^^^^^^^^^^^^^^^^^^^^^^^^^^^^^^^^^^^^^^^^^^^^^^^^^^^^^^
.venv\Lib\site-packages\pluggy\_manager.py:120: in _hookexec
    return self._inner_hookexec(hook_name, methods, kwargs, firstresult)
           ^^^^^^^^^^^^^^^^^^^^^^^^^^^^^^^^^^^^^^^^^^^^^^^^^^^^^^^^^^^^^
.venv\Lib\site-packages\_pytest\logging.py:843: in pytest_runtest_setup
    yield
.venv\Lib\site-packages\_pytest\capture.py:895: in pytest_runtest_setup
    return (yield)
            ^^^^^
.venv\Lib\site-packages\_pytest\runner.py:164: in pytest_runtest_setup
    item.session._setupstate.setup(item)
.venv\Lib\site-packages\_pytest\runner.py:514: in setup
    col.setup()
.venv\Lib\site-packages\_pytest\python.py:1674: in setup
    self._request._fillfixtures()
.venv\Lib\site-packages\_pytest\fixtures.py:719: in _fillfixtures
    item.funcargs[argname] = self.getfixturevalue(argname)
                             ^^^^^^^^^^^^^^^^^^^^^^^^^^^^^
.venv\Lib\site-packages\_pytest\fixtures.py:548: in getfixturevalue
    fixturedef = self._get_active_fixturedef(argname)
                 ^^^^^^^^^^^^^^^^^^^^^^^^^^^^^^^^^^^^
.venv\Lib\site-packages\_pytest\fixtures.py:639: in _get_active_fixturedef
    fixturedef.execute(request=subrequest)
.venv\Lib\site-packages\_pytest\fixtures.py:1127: in execute
    result = ihook.pytest_fixture_setup(fixturedef=self, request=request)
             ^^^^^^^^^^^^^^^^^^^^^^^^^^^^^^^^^^^^^^^^^^^^^^^^^^^^^^^^^^^^
.venv\Lib\site-packages\pluggy\_hooks.py:512: in __call__
    return self._hookexec(self.name, self._hookimpls.copy(), kwargs, firstresult)
           ^^^^^^^^^^^^^^^^^^^^^^^^^^^^^^^^^^^^^^^^^^^^^^^^^^^^^^^^^^^^^^^^^^^^^^
.venv\Lib\site-packages\pluggy\_manager.py:120: in _hookexec
    return self._inner_hookexec(hook_name, methods, kwargs, firstresult)
           ^^^^^^^^^^^^^^^^^^^^^^^^^^^^^^^^^^^^^^^^^^^^^^^^^^^^^^^^^^^^^
.venv\Lib\site-packages\pluggy\_callers.py:53: in run_old_style_hookwrapper
    return result.get_result()
           ^^^^^^^^^^^^^^^^^^^
.venv\Lib\site-packages\pluggy\_callers.py:38: in run_old_style_hookwrapper
    res = yield
          ^^^^^
.venv\Lib\site-packages\_pytest\setuponly.py:36: in pytest_fixture_setup
    return (yield)
            ^^^^^
.venv\Lib\site-packages\_pytest\fixtures.py:1195: in pytest_fixture_setup
    result = call_fixture_func(fixturefunc, request, kwargs)
             ^^^^^^^^^^^^^^^^^^^^^^^^^^^^^^^^^^^^^^^^^^^^^^^
.venv\Lib\site-packages\_pytest\fixtures.py:922: in call_fixture_func
    fixture_result = next(generator)
                     ^^^^^^^^^^^^^^^
.venv\Lib\site-packages\_pytest\tmpdir.py:264: in tmp_path
    path = _mk_tmp(request, tmp_path_factory)
           ^^^^^^^^^^^^^^^^^^^^^^^^^^^^^^^^^^
.venv\Lib\site-packages\_pytest\tmpdir.py:251: in _mk_tmp
    return factory.mktemp(name, numbered=True)
           ^^^^^^^^^^^^^^^^^^^^^^^^^^^^^^^^^^^
.venv\Lib\site-packages\_pytest\tmpdir.py:130: in mktemp
    basename = self._ensure_relative_to_basetemp(basename)
               ^^^^^^^^^^^^^^^^^^^^^^^^^^^^^^^^^^^^^^^^^^^
.venv\Lib\site-packages\_pytest\tmpdir.py:111: in _ensure_relative_to_basetemp
    if (self.getbasetemp() / basename).resolve().parent != self.getbasetemp():
        ^^^^^^^^^^^^^^^^^^
.venv\Lib\site-packages\_pytest\tmpdir.py:186: in getbasetemp
    basetemp = make_numbered_dir_with_cleanup(
.venv\Lib\site-packages\_pytest\pathlib.py:407: in make_numbered_dir_with_cleanup
    raise e
.venv\Lib\site-packages\_pytest\pathlib.py:388: in make_numbered_dir_with_cleanup
    p = make_numbered_dir(root, prefix, mode)
        ^^^^^^^^^^^^^^^^^^^^^^^^^^^^^^^^^^^^^
.venv\Lib\site-packages\_pytest\pathlib.py:229: in make_numbered_dir
    max_existing = max(map(parse_num, find_suffixes(root, prefix)), default=-1)
                   ^^^^^^^^^^^^^^^^^^^^^^^^^^^^^^^^^^^^^^^^^^^^^^^^^^^^^^^^^^^^
.venv\Lib\site-packages\_pytest\pathlib.py:188: in extract_suffixes
    for entry in iter:
                 ^^^^
_ _ _ _ _ _ _ _ _ _ _ _ _ _ _ _ _ _ _ _ _ _ _ _ _ _ _ _ _ _ _ _ _ _ _ _ _ _ _ _

root = WindowsPath('C:/Users/XL/AppData/Local/Temp/pytest-of-XL')
prefix = 'pytest-'

    def find_prefixed(root: Path, prefix: str) -> Iterator[os.DirEntry[str]]:
        """Find all elements in root that begin with the prefix, case-insensitive."""
        l_prefix = prefix.lower()
>       for x in os.scandir(root):
                 ^^^^^^^^^^^^^^^^
E       PermissionError: [WinError 5] 拒绝访问。: 'C:\\Users\\XL\\AppData\\Local\\Temp\\pytest-of-XL'

.venv\Lib\site-packages\_pytest\pathlib.py:176: PermissionError
_ ERROR at setup of test_upload_safety_size_limit_path_traversal_and_compensating_cleanup _

cls = <class '_pytest.runner.CallInfo'>
func = <function call_and_report.<locals>.<lambda> at 0x000001845CD082C0>
when = 'setup'
reraise = (<class '_pytest.outcomes.Exit'>, <class 'KeyboardInterrupt'>)

    @classmethod
    def from_call(
        cls,
        func: Callable[[], TResult],
        when: Literal["collect", "setup", "call", "teardown"],
        reraise: type[BaseException] | tuple[type[BaseException], ...] | None = None,
    ) -> CallInfo[TResult]:
        """Call func, wrapping the result in a CallInfo.
    
        :param func:
            The function to call. Called without arguments.
        :type func: Callable[[], _pytest.runner.TResult]
        :param when:
            The phase in which the function is called.
        :param reraise:
            Exception or exceptions that shall propagate if raised by the
            function, instead of being wrapped in the CallInfo.
        """
        excinfo = None
        instant = timing.Instant()
        try:
>           result: TResult | None = func()
                                     ^^^^^^

.venv\Lib\site-packages\_pytest\runner.py:344: 
_ _ _ _ _ _ _ _ _ _ _ _ _ _ _ _ _ _ _ _ _ _ _ _ _ _ _ _ _ _ _ _ _ _ _ _ _ _ _ _
.venv\Lib\site-packages\_pytest\runner.py:246: in <lambda>
    lambda: runtest_hook(item=item, **kwds), when=when, reraise=reraise
            ^^^^^^^^^^^^^^^^^^^^^^^^^^^^^^^
.venv\Lib\site-packages\pluggy\_hooks.py:512: in __call__
    return self._hookexec(self.name, self._hookimpls.copy(), kwargs, firstresult)
           ^^^^^^^^^^^^^^^^^^^^^^^^^^^^^^^^^^^^^^^^^^^^^^^^^^^^^^^^^^^^^^^^^^^^^^
.venv\Lib\site-packages\pluggy\_manager.py:120: in _hookexec
    return self._inner_hookexec(hook_name, methods, kwargs, firstresult)
           ^^^^^^^^^^^^^^^^^^^^^^^^^^^^^^^^^^^^^^^^^^^^^^^^^^^^^^^^^^^^^
.venv\Lib\site-packages\_pytest\logging.py:843: in pytest_runtest_setup
    yield
.venv\Lib\site-packages\_pytest\capture.py:895: in pytest_runtest_setup
    return (yield)
            ^^^^^
.venv\Lib\site-packages\_pytest\runner.py:164: in pytest_runtest_setup
    item.session._setupstate.setup(item)
.venv\Lib\site-packages\_pytest\runner.py:514: in setup
    col.setup()
.venv\Lib\site-packages\_pytest\python.py:1674: in setup
    self._request._fillfixtures()
.venv\Lib\site-packages\_pytest\fixtures.py:719: in _fillfixtures
    item.funcargs[argname] = self.getfixturevalue(argname)
                             ^^^^^^^^^^^^^^^^^^^^^^^^^^^^^
.venv\Lib\site-packages\_pytest\fixtures.py:548: in getfixturevalue
    fixturedef = self._get_active_fixturedef(argname)
                 ^^^^^^^^^^^^^^^^^^^^^^^^^^^^^^^^^^^^
.venv\Lib\site-packages\_pytest\fixtures.py:639: in _get_active_fixturedef
    fixturedef.execute(request=subrequest)
.venv\Lib\site-packages\_pytest\fixtures.py:1127: in execute
    result = ihook.pytest_fixture_setup(fixturedef=self, request=request)
             ^^^^^^^^^^^^^^^^^^^^^^^^^^^^^^^^^^^^^^^^^^^^^^^^^^^^^^^^^^^^
.venv\Lib\site-packages\pluggy\_hooks.py:512: in __call__
    return self._hookexec(self.name, self._hookimpls.copy(), kwargs, firstresult)
           ^^^^^^^^^^^^^^^^^^^^^^^^^^^^^^^^^^^^^^^^^^^^^^^^^^^^^^^^^^^^^^^^^^^^^^
.venv\Lib\site-packages\pluggy\_manager.py:120: in _hookexec
    return self._inner_hookexec(hook_name, methods, kwargs, firstresult)
           ^^^^^^^^^^^^^^^^^^^^^^^^^^^^^^^^^^^^^^^^^^^^^^^^^^^^^^^^^^^^^
.venv\Lib\site-packages\pluggy\_callers.py:53: in run_old_style_hookwrapper
    return result.get_result()
           ^^^^^^^^^^^^^^^^^^^
.venv\Lib\site-packages\pluggy\_callers.py:38: in run_old_style_hookwrapper
    res = yield
          ^^^^^
.venv\Lib\site-packages\_pytest\setuponly.py:36: in pytest_fixture_setup
    return (yield)
            ^^^^^
.venv\Lib\site-packages\_pytest\fixtures.py:1195: in pytest_fixture_setup
    result = call_fixture_func(fixturefunc, request, kwargs)
             ^^^^^^^^^^^^^^^^^^^^^^^^^^^^^^^^^^^^^^^^^^^^^^^
.venv\Lib\site-packages\_pytest\fixtures.py:922: in call_fixture_func
    fixture_result = next(generator)
                     ^^^^^^^^^^^^^^^
.venv\Lib\site-packages\_pytest\tmpdir.py:264: in tmp_path
    path = _mk_tmp(request, tmp_path_factory)
           ^^^^^^^^^^^^^^^^^^^^^^^^^^^^^^^^^^
.venv\Lib\site-packages\_pytest\tmpdir.py:251: in _mk_tmp
    return factory.mktemp(name, numbered=True)
           ^^^^^^^^^^^^^^^^^^^^^^^^^^^^^^^^^^^
.venv\Lib\site-packages\_pytest\tmpdir.py:130: in mktemp
    basename = self._ensure_relative_to_basetemp(basename)
               ^^^^^^^^^^^^^^^^^^^^^^^^^^^^^^^^^^^^^^^^^^^
.venv\Lib\site-packages\_pytest\tmpdir.py:111: in _ensure_relative_to_basetemp
    if (self.getbasetemp() / basename).resolve().parent != self.getbasetemp():
        ^^^^^^^^^^^^^^^^^^
.venv\Lib\site-packages\_pytest\tmpdir.py:186: in getbasetemp
    basetemp = make_numbered_dir_with_cleanup(
.venv\Lib\site-packages\_pytest\pathlib.py:407: in make_numbered_dir_with_cleanup
    raise e
.venv\Lib\site-packages\_pytest\pathlib.py:388: in make_numbered_dir_with_cleanup
    p = make_numbered_dir(root, prefix, mode)
        ^^^^^^^^^^^^^^^^^^^^^^^^^^^^^^^^^^^^^
.venv\Lib\site-packages\_pytest\pathlib.py:229: in make_numbered_dir
    max_existing = max(map(parse_num, find_suffixes(root, prefix)), default=-1)
                   ^^^^^^^^^^^^^^^^^^^^^^^^^^^^^^^^^^^^^^^^^^^^^^^^^^^^^^^^^^^^
.venv\Lib\site-packages\_pytest\pathlib.py:188: in extract_suffixes
    for entry in iter:
                 ^^^^
_ _ _ _ _ _ _ _ _ _ _ _ _ _ _ _ _ _ _ _ _ _ _ _ _ _ _ _ _ _ _ _ _ _ _ _ _ _ _ _

root = WindowsPath('C:/Users/XL/AppData/Local/Temp/pytest-of-XL')
prefix = 'pytest-'

    def find_prefixed(root: Path, prefix: str) -> Iterator[os.DirEntry[str]]:
        """Find all elements in root that begin with the prefix, case-insensitive."""
        l_prefix = prefix.lower()
>       for x in os.scandir(root):
                 ^^^^^^^^^^^^^^^^
E       PermissionError: [WinError 5] 拒绝访问。: 'C:\\Users\\XL\\AppData\\Local\\Temp\\pytest-of-XL'

.venv\Lib\site-packages\_pytest\pathlib.py:176: PermissionError
_ ERROR at setup of test_viewer_can_read_and_download_but_cannot_upload_or_archive _

cls = <class '_pytest.runner.CallInfo'>
func = <function call_and_report.<locals>.<lambda> at 0x000001845CD02840>
when = 'setup'
reraise = (<class '_pytest.outcomes.Exit'>, <class 'KeyboardInterrupt'>)

    @classmethod
    def from_call(
        cls,
        func: Callable[[], TResult],
        when: Literal["collect", "setup", "call", "teardown"],
        reraise: type[BaseException] | tuple[type[BaseException], ...] | None = None,
    ) -> CallInfo[TResult]:
        """Call func, wrapping the result in a CallInfo.
    
        :param func:
            The function to call. Called without arguments.
        :type func: Callable[[], _pytest.runner.TResult]
        :param when:
            The phase in which the function is called.
        :param reraise:
            Exception or exceptions that shall propagate if raised by the
            function, instead of being wrapped in the CallInfo.
        """
        excinfo = None
        instant = timing.Instant()
        try:
>           result: TResult | None = func()
                                     ^^^^^^

.venv\Lib\site-packages\_pytest\runner.py:344: 
_ _ _ _ _ _ _ _ _ _ _ _ _ _ _ _ _ _ _ _ _ _ _ _ _ _ _ _ _ _ _ _ _ _ _ _ _ _ _ _
.venv\Lib\site-packages\_pytest\runner.py:246: in <lambda>
    lambda: runtest_hook(item=item, **kwds), when=when, reraise=reraise
            ^^^^^^^^^^^^^^^^^^^^^^^^^^^^^^^
.venv\Lib\site-packages\pluggy\_hooks.py:512: in __call__
    return self._hookexec(self.name, self._hookimpls.copy(), kwargs, firstresult)
           ^^^^^^^^^^^^^^^^^^^^^^^^^^^^^^^^^^^^^^^^^^^^^^^^^^^^^^^^^^^^^^^^^^^^^^
.venv\Lib\site-packages\pluggy\_manager.py:120: in _hookexec
    return self._inner_hookexec(hook_name, methods, kwargs, firstresult)
           ^^^^^^^^^^^^^^^^^^^^^^^^^^^^^^^^^^^^^^^^^^^^^^^^^^^^^^^^^^^^^
.venv\Lib\site-packages\_pytest\logging.py:843: in pytest_runtest_setup
    yield
.venv\Lib\site-packages\_pytest\capture.py:895: in pytest_runtest_setup
    return (yield)
            ^^^^^
.venv\Lib\site-packages\_pytest\runner.py:164: in pytest_runtest_setup
    item.session._setupstate.setup(item)
.venv\Lib\site-packages\_pytest\runner.py:514: in setup
    col.setup()
.venv\Lib\site-packages\_pytest\python.py:1674: in setup
    self._request._fillfixtures()
.venv\Lib\site-packages\_pytest\fixtures.py:719: in _fillfixtures
    item.funcargs[argname] = self.getfixturevalue(argname)
                             ^^^^^^^^^^^^^^^^^^^^^^^^^^^^^
.venv\Lib\site-packages\_pytest\fixtures.py:548: in getfixturevalue
    fixturedef = self._get_active_fixturedef(argname)
                 ^^^^^^^^^^^^^^^^^^^^^^^^^^^^^^^^^^^^
.venv\Lib\site-packages\_pytest\fixtures.py:639: in _get_active_fixturedef
    fixturedef.execute(request=subrequest)
.venv\Lib\site-packages\_pytest\fixtures.py:1127: in execute
    result = ihook.pytest_fixture_setup(fixturedef=self, request=request)
             ^^^^^^^^^^^^^^^^^^^^^^^^^^^^^^^^^^^^^^^^^^^^^^^^^^^^^^^^^^^^
.venv\Lib\site-packages\pluggy\_hooks.py:512: in __call__
    return self._hookexec(self.name, self._hookimpls.copy(), kwargs, firstresult)
           ^^^^^^^^^^^^^^^^^^^^^^^^^^^^^^^^^^^^^^^^^^^^^^^^^^^^^^^^^^^^^^^^^^^^^^
.venv\Lib\site-packages\pluggy\_manager.py:120: in _hookexec
    return self._inner_hookexec(hook_name, methods, kwargs, firstresult)
           ^^^^^^^^^^^^^^^^^^^^^^^^^^^^^^^^^^^^^^^^^^^^^^^^^^^^^^^^^^^^^
.venv\Lib\site-packages\pluggy\_callers.py:53: in run_old_style_hookwrapper
    return result.get_result()
           ^^^^^^^^^^^^^^^^^^^
.venv\Lib\site-packages\pluggy\_callers.py:38: in run_old_style_hookwrapper
    res = yield
          ^^^^^
.venv\Lib\site-packages\_pytest\setuponly.py:36: in pytest_fixture_setup
    return (yield)
            ^^^^^
.venv\Lib\site-packages\_pytest\fixtures.py:1195: in pytest_fixture_setup
    result = call_fixture_func(fixturefunc, request, kwargs)
             ^^^^^^^^^^^^^^^^^^^^^^^^^^^^^^^^^^^^^^^^^^^^^^^
.venv\Lib\site-packages\_pytest\fixtures.py:922: in call_fixture_func
    fixture_result = next(generator)
                     ^^^^^^^^^^^^^^^
.venv\Lib\site-packages\_pytest\tmpdir.py:264: in tmp_path
    path = _mk_tmp(request, tmp_path_factory)
           ^^^^^^^^^^^^^^^^^^^^^^^^^^^^^^^^^^
.venv\Lib\site-packages\_pytest\tmpdir.py:251: in _mk_tmp
    return factory.mktemp(name, numbered=True)
           ^^^^^^^^^^^^^^^^^^^^^^^^^^^^^^^^^^^
.venv\Lib\site-packages\_pytest\tmpdir.py:130: in mktemp
    basename = self._ensure_relative_to_basetemp(basename)
               ^^^^^^^^^^^^^^^^^^^^^^^^^^^^^^^^^^^^^^^^^^^
.venv\Lib\site-packages\_pytest\tmpdir.py:111: in _ensure_relative_to_basetemp
    if (self.getbasetemp() / basename).resolve().parent != self.getbasetemp():
        ^^^^^^^^^^^^^^^^^^
.venv\Lib\site-packages\_pytest\tmpdir.py:186: in getbasetemp
    basetemp = make_numbered_dir_with_cleanup(
.venv\Lib\site-packages\_pytest\pathlib.py:407: in make_numbered_dir_with_cleanup
    raise e
.venv\Lib\site-packages\_pytest\pathlib.py:388: in make_numbered_dir_with_cleanup
    p = make_numbered_dir(root, prefix, mode)
        ^^^^^^^^^^^^^^^^^^^^^^^^^^^^^^^^^^^^^
.venv\Lib\site-packages\_pytest\pathlib.py:229: in make_numbered_dir
    max_existing = max(map(parse_num, find_suffixes(root, prefix)), default=-1)
                   ^^^^^^^^^^^^^^^^^^^^^^^^^^^^^^^^^^^^^^^^^^^^^^^^^^^^^^^^^^^^
.venv\Lib\site-packages\_pytest\pathlib.py:188: in extract_suffixes
    for entry in iter:
                 ^^^^
_ _ _ _ _ _ _ _ _ _ _ _ _ _ _ _ _ _ _ _ _ _ _ _ _ _ _ _ _ _ _ _ _ _ _ _ _ _ _ _

root = WindowsPath('C:/Users/XL/AppData/Local/Temp/pytest-of-XL')
prefix = 'pytest-'

    def find_prefixed(root: Path, prefix: str) -> Iterator[os.DirEntry[str]]:
        """Find all elements in root that begin with the prefix, case-insensitive."""
        l_prefix = prefix.lower()
>       for x in os.scandir(root):
                 ^^^^^^^^^^^^^^^^
E       PermissionError: [WinError 5] 拒绝访问。: 'C:\\Users\\XL\\AppData\\Local\\Temp\\pytest-of-XL'

.venv\Lib\site-packages\_pytest\pathlib.py:176: PermissionError
_ ERROR at setup of test_cross_warehouse_relations_are_rejected_and_work_order_documents_are_supported _

cls = <class '_pytest.runner.CallInfo'>
func = <function call_and_report.<locals>.<lambda> at 0x000001845CD00900>
when = 'setup'
reraise = (<class '_pytest.outcomes.Exit'>, <class 'KeyboardInterrupt'>)

    @classmethod
    def from_call(
        cls,
        func: Callable[[], TResult],
        when: Literal["collect", "setup", "call", "teardown"],
        reraise: type[BaseException] | tuple[type[BaseException], ...] | None = None,
    ) -> CallInfo[TResult]:
        """Call func, wrapping the result in a CallInfo.
    
        :param func:
            The function to call. Called without arguments.
        :type func: Callable[[], _pytest.runner.TResult]
        :param when:
            The phase in which the function is called.
        :param reraise:
            Exception or exceptions that shall propagate if raised by the
            function, instead of being wrapped in the CallInfo.
        """
        excinfo = None
        instant = timing.Instant()
        try:
>           result: TResult | None = func()
                                     ^^^^^^

.venv\Lib\site-packages\_pytest\runner.py:344: 
_ _ _ _ _ _ _ _ _ _ _ _ _ _ _ _ _ _ _ _ _ _ _ _ _ _ _ _ _ _ _ _ _ _ _ _ _ _ _ _
.venv\Lib\site-packages\_pytest\runner.py:246: in <lambda>
    lambda: runtest_hook(item=item, **kwds), when=when, reraise=reraise
            ^^^^^^^^^^^^^^^^^^^^^^^^^^^^^^^
.venv\Lib\site-packages\pluggy\_hooks.py:512: in __call__
    return self._hookexec(self.name, self._hookimpls.copy(), kwargs, firstresult)
           ^^^^^^^^^^^^^^^^^^^^^^^^^^^^^^^^^^^^^^^^^^^^^^^^^^^^^^^^^^^^^^^^^^^^^^
.venv\Lib\site-packages\pluggy\_manager.py:120: in _hookexec
    return self._inner_hookexec(hook_name, methods, kwargs, firstresult)
           ^^^^^^^^^^^^^^^^^^^^^^^^^^^^^^^^^^^^^^^^^^^^^^^^^^^^^^^^^^^^^
.venv\Lib\site-packages\_pytest\logging.py:843: in pytest_runtest_setup
    yield
.venv\Lib\site-packages\_pytest\capture.py:895: in pytest_runtest_setup
    return (yield)
            ^^^^^
.venv\Lib\site-packages\_pytest\runner.py:164: in pytest_runtest_setup
    item.session._setupstate.setup(item)
.venv\Lib\site-packages\_pytest\runner.py:514: in setup
    col.setup()
.venv\Lib\site-packages\_pytest\python.py:1674: in setup
    self._request._fillfixtures()
.venv\Lib\site-packages\_pytest\fixtures.py:719: in _fillfixtures
    item.funcargs[argname] = self.getfixturevalue(argname)
                             ^^^^^^^^^^^^^^^^^^^^^^^^^^^^^
.venv\Lib\site-packages\_pytest\fixtures.py:548: in getfixturevalue
    fixturedef = self._get_active_fixturedef(argname)
                 ^^^^^^^^^^^^^^^^^^^^^^^^^^^^^^^^^^^^
.venv\Lib\site-packages\_pytest\fixtures.py:639: in _get_active_fixturedef
    fixturedef.execute(request=subrequest)
.venv\Lib\site-packages\_pytest\fixtures.py:1127: in execute
    result = ihook.pytest_fixture_setup(fixturedef=self, request=request)
             ^^^^^^^^^^^^^^^^^^^^^^^^^^^^^^^^^^^^^^^^^^^^^^^^^^^^^^^^^^^^
.venv\Lib\site-packages\pluggy\_hooks.py:512: in __call__
    return self._hookexec(self.name, self._hookimpls.copy(), kwargs, firstresult)
           ^^^^^^^^^^^^^^^^^^^^^^^^^^^^^^^^^^^^^^^^^^^^^^^^^^^^^^^^^^^^^^^^^^^^^^
.venv\Lib\site-packages\pluggy\_manager.py:120: in _hookexec
    return self._inner_hookexec(hook_name, methods, kwargs, firstresult)
           ^^^^^^^^^^^^^^^^^^^^^^^^^^^^^^^^^^^^^^^^^^^^^^^^^^^^^^^^^^^^^
.venv\Lib\site-packages\pluggy\_callers.py:53: in run_old_style_hookwrapper
    return result.get_result()
           ^^^^^^^^^^^^^^^^^^^
.venv\Lib\site-packages\pluggy\_callers.py:38: in run_old_style_hookwrapper
    res = yield
          ^^^^^
.venv\Lib\site-packages\_pytest\setuponly.py:36: in pytest_fixture_setup
    return (yield)
            ^^^^^
.venv\Lib\site-packages\_pytest\fixtures.py:1195: in pytest_fixture_setup
    result = call_fixture_func(fixturefunc, request, kwargs)
             ^^^^^^^^^^^^^^^^^^^^^^^^^^^^^^^^^^^^^^^^^^^^^^^
.venv\Lib\site-packages\_pytest\fixtures.py:922: in call_fixture_func
    fixture_result = next(generator)
                     ^^^^^^^^^^^^^^^
.venv\Lib\site-packages\_pytest\tmpdir.py:264: in tmp_path
    path = _mk_tmp(request, tmp_path_factory)
           ^^^^^^^^^^^^^^^^^^^^^^^^^^^^^^^^^^
.venv\Lib\site-packages\_pytest\tmpdir.py:251: in _mk_tmp
    return factory.mktemp(name, numbered=True)
           ^^^^^^^^^^^^^^^^^^^^^^^^^^^^^^^^^^^
.venv\Lib\site-packages\_pytest\tmpdir.py:130: in mktemp
    basename = self._ensure_relative_to_basetemp(basename)
               ^^^^^^^^^^^^^^^^^^^^^^^^^^^^^^^^^^^^^^^^^^^
.venv\Lib\site-packages\_pytest\tmpdir.py:111: in _ensure_relative_to_basetemp
    if (self.getbasetemp() / basename).resolve().parent != self.getbasetemp():
        ^^^^^^^^^^^^^^^^^^
.venv\Lib\site-packages\_pytest\tmpdir.py:186: in getbasetemp
    basetemp = make_numbered_dir_with_cleanup(
.venv\Lib\site-packages\_pytest\pathlib.py:407: in make_numbered_dir_with_cleanup
    raise e
.venv\Lib\site-packages\_pytest\pathlib.py:388: in make_numbered_dir_with_cleanup
    p = make_numbered_dir(root, prefix, mode)
        ^^^^^^^^^^^^^^^^^^^^^^^^^^^^^^^^^^^^^
.venv\Lib\site-packages\_pytest\pathlib.py:229: in make_numbered_dir
    max_existing = max(map(parse_num, find_suffixes(root, prefix)), default=-1)
                   ^^^^^^^^^^^^^^^^^^^^^^^^^^^^^^^^^^^^^^^^^^^^^^^^^^^^^^^^^^^^
.venv\Lib\site-packages\_pytest\pathlib.py:188: in extract_suffixes
    for entry in iter:
                 ^^^^
_ _ _ _ _ _ _ _ _ _ _ _ _ _ _ _ _ _ _ _ _ _ _ _ _ _ _ _ _ _ _ _ _ _ _ _ _ _ _ _

root = WindowsPath('C:/Users/XL/AppData/Local/Temp/pytest-of-XL')
prefix = 'pytest-'

    def find_prefixed(root: Path, prefix: str) -> Iterator[os.DirEntry[str]]:
        """Find all elements in root that begin with the prefix, case-insensitive."""
        l_prefix = prefix.lower()
>       for x in os.scandir(root):
                 ^^^^^^^^^^^^^^^^
E       PermissionError: [WinError 5] 拒绝访问。: 'C:\\Users\\XL\\AppData\\Local\\Temp\\pytest-of-XL'

.venv\Lib\site-packages\_pytest\pathlib.py:176: PermissionError
_ ERROR at setup of test_global_search_finds_document_number_filename_and_generated_bol_title _

cls = <class '_pytest.runner.CallInfo'>
func = <function call_and_report.<locals>.<lambda> at 0x000001845CD02200>
when = 'setup'
reraise = (<class '_pytest.outcomes.Exit'>, <class 'KeyboardInterrupt'>)

    @classmethod
    def from_call(
        cls,
        func: Callable[[], TResult],
        when: Literal["collect", "setup", "call", "teardown"],
        reraise: type[BaseException] | tuple[type[BaseException], ...] | None = None,
    ) -> CallInfo[TResult]:
        """Call func, wrapping the result in a CallInfo.
    
        :param func:
            The function to call. Called without arguments.
        :type func: Callable[[], _pytest.runner.TResult]
        :param when:
            The phase in which the function is called.
        :param reraise:
            Exception or exceptions that shall propagate if raised by the
            function, instead of being wrapped in the CallInfo.
        """
        excinfo = None
        instant = timing.Instant()
        try:
>           result: TResult | None = func()
                                     ^^^^^^

.venv\Lib\site-packages\_pytest\runner.py:344: 
_ _ _ _ _ _ _ _ _ _ _ _ _ _ _ _ _ _ _ _ _ _ _ _ _ _ _ _ _ _ _ _ _ _ _ _ _ _ _ _
.venv\Lib\site-packages\_pytest\runner.py:246: in <lambda>
    lambda: runtest_hook(item=item, **kwds), when=when, reraise=reraise
            ^^^^^^^^^^^^^^^^^^^^^^^^^^^^^^^
.venv\Lib\site-packages\pluggy\_hooks.py:512: in __call__
    return self._hookexec(self.name, self._hookimpls.copy(), kwargs, firstresult)
           ^^^^^^^^^^^^^^^^^^^^^^^^^^^^^^^^^^^^^^^^^^^^^^^^^^^^^^^^^^^^^^^^^^^^^^
.venv\Lib\site-packages\pluggy\_manager.py:120: in _hookexec
    return self._inner_hookexec(hook_name, methods, kwargs, firstresult)
           ^^^^^^^^^^^^^^^^^^^^^^^^^^^^^^^^^^^^^^^^^^^^^^^^^^^^^^^^^^^^^
.venv\Lib\site-packages\_pytest\logging.py:843: in pytest_runtest_setup
    yield
.venv\Lib\site-packages\_pytest\capture.py:895: in pytest_runtest_setup
    return (yield)
            ^^^^^
.venv\Lib\site-packages\_pytest\runner.py:164: in pytest_runtest_setup
    item.session._setupstate.setup(item)
.venv\Lib\site-packages\_pytest\runner.py:514: in setup
    col.setup()
.venv\Lib\site-packages\_pytest\python.py:1674: in setup
    self._request._fillfixtures()
.venv\Lib\site-packages\_pytest\fixtures.py:719: in _fillfixtures
    item.funcargs[argname] = self.getfixturevalue(argname)
                             ^^^^^^^^^^^^^^^^^^^^^^^^^^^^^
.venv\Lib\site-packages\_pytest\fixtures.py:548: in getfixturevalue
    fixturedef = self._get_active_fixturedef(argname)
                 ^^^^^^^^^^^^^^^^^^^^^^^^^^^^^^^^^^^^
.venv\Lib\site-packages\_pytest\fixtures.py:639: in _get_active_fixturedef
    fixturedef.execute(request=subrequest)
.venv\Lib\site-packages\_pytest\fixtures.py:1127: in execute
    result = ihook.pytest_fixture_setup(fixturedef=self, request=request)
             ^^^^^^^^^^^^^^^^^^^^^^^^^^^^^^^^^^^^^^^^^^^^^^^^^^^^^^^^^^^^
.venv\Lib\site-packages\pluggy\_hooks.py:512: in __call__
    return self._hookexec(self.name, self._hookimpls.copy(), kwargs, firstresult)
           ^^^^^^^^^^^^^^^^^^^^^^^^^^^^^^^^^^^^^^^^^^^^^^^^^^^^^^^^^^^^^^^^^^^^^^
.venv\Lib\site-packages\pluggy\_manager.py:120: in _hookexec
    return self._inner_hookexec(hook_name, methods, kwargs, firstresult)
           ^^^^^^^^^^^^^^^^^^^^^^^^^^^^^^^^^^^^^^^^^^^^^^^^^^^^^^^^^^^^^
.venv\Lib\site-packages\pluggy\_callers.py:53: in run_old_style_hookwrapper
    return result.get_result()
           ^^^^^^^^^^^^^^^^^^^
.venv\Lib\site-packages\pluggy\_callers.py:38: in run_old_style_hookwrapper
    res = yield
          ^^^^^
.venv\Lib\site-packages\_pytest\setuponly.py:36: in pytest_fixture_setup
    return (yield)
            ^^^^^
.venv\Lib\site-packages\_pytest\fixtures.py:1195: in pytest_fixture_setup
    result = call_fixture_func(fixturefunc, request, kwargs)
             ^^^^^^^^^^^^^^^^^^^^^^^^^^^^^^^^^^^^^^^^^^^^^^^
.venv\Lib\site-packages\_pytest\fixtures.py:922: in call_fixture_func
    fixture_result = next(generator)
                     ^^^^^^^^^^^^^^^
.venv\Lib\site-packages\_pytest\tmpdir.py:264: in tmp_path
    path = _mk_tmp(request, tmp_path_factory)
           ^^^^^^^^^^^^^^^^^^^^^^^^^^^^^^^^^^
.venv\Lib\site-packages\_pytest\tmpdir.py:251: in _mk_tmp
    return factory.mktemp(name, numbered=True)
           ^^^^^^^^^^^^^^^^^^^^^^^^^^^^^^^^^^^
.venv\Lib\site-packages\_pytest\tmpdir.py:130: in mktemp
    basename = self._ensure_relative_to_basetemp(basename)
               ^^^^^^^^^^^^^^^^^^^^^^^^^^^^^^^^^^^^^^^^^^^
.venv\Lib\site-packages\_pytest\tmpdir.py:111: in _ensure_relative_to_basetemp
    if (self.getbasetemp() / basename).resolve().parent != self.getbasetemp():
        ^^^^^^^^^^^^^^^^^^
.venv\Lib\site-packages\_pytest\tmpdir.py:186: in getbasetemp
    basetemp = make_numbered_dir_with_cleanup(
.venv\Lib\site-packages\_pytest\pathlib.py:407: in make_numbered_dir_with_cleanup
    raise e
.venv\Lib\site-packages\_pytest\pathlib.py:388: in make_numbered_dir_with_cleanup
    p = make_numbered_dir(root, prefix, mode)
        ^^^^^^^^^^^^^^^^^^^^^^^^^^^^^^^^^^^^^
.venv\Lib\site-packages\_pytest\pathlib.py:229: in make_numbered_dir
    max_existing = max(map(parse_num, find_suffixes(root, prefix)), default=-1)
                   ^^^^^^^^^^^^^^^^^^^^^^^^^^^^^^^^^^^^^^^^^^^^^^^^^^^^^^^^^^^^
.venv\Lib\site-packages\_pytest\pathlib.py:188: in extract_suffixes
    for entry in iter:
                 ^^^^
_ _ _ _ _ _ _ _ _ _ _ _ _ _ _ _ _ _ _ _ _ _ _ _ _ _ _ _ _ _ _ _ _ _ _ _ _ _ _ _

root = WindowsPath('C:/Users/XL/AppData/Local/Temp/pytest-of-XL')
prefix = 'pytest-'

    def find_prefixed(root: Path, prefix: str) -> Iterator[os.DirEntry[str]]:
        """Find all elements in root that begin with the prefix, case-insensitive."""
        l_prefix = prefix.lower()
>       for x in os.scandir(root):
                 ^^^^^^^^^^^^^^^^
E       PermissionError: [WinError 5] 拒绝访问。: 'C:\\Users\\XL\\AppData\\Local\\Temp\\pytest-of-XL'

.venv\Lib\site-packages\_pytest\pathlib.py:176: PermissionError
_ ERROR at setup of test_confirmation_preserves_inventory_and_rejects_replay __

cls = <class '_pytest.runner.CallInfo'>
func = <function call_and_report.<locals>.<lambda> at 0x000001845D6F5A80>
when = 'setup'
reraise = (<class '_pytest.outcomes.Exit'>, <class 'KeyboardInterrupt'>)

    @classmethod
    def from_call(
        cls,
        func: Callable[[], TResult],
        when: Literal["collect", "setup", "call", "teardown"],
        reraise: type[BaseException] | tuple[type[BaseException], ...] | None = None,
    ) -> CallInfo[TResult]:
        """Call func, wrapping the result in a CallInfo.
    
        :param func:
            The function to call. Called without arguments.
        :type func: Callable[[], _pytest.runner.TResult]
        :param when:
            The phase in which the function is called.
        :param reraise:
            Exception or exceptions that shall propagate if raised by the
            function, instead of being wrapped in the CallInfo.
        """
        excinfo = None
        instant = timing.Instant()
        try:
>           result: TResult | None = func()
                                     ^^^^^^

.venv\Lib\site-packages\_pytest\runner.py:344: 
_ _ _ _ _ _ _ _ _ _ _ _ _ _ _ _ _ _ _ _ _ _ _ _ _ _ _ _ _ _ _ _ _ _ _ _ _ _ _ _
.venv\Lib\site-packages\_pytest\runner.py:246: in <lambda>
    lambda: runtest_hook(item=item, **kwds), when=when, reraise=reraise
            ^^^^^^^^^^^^^^^^^^^^^^^^^^^^^^^
.venv\Lib\site-packages\pluggy\_hooks.py:512: in __call__
    return self._hookexec(self.name, self._hookimpls.copy(), kwargs, firstresult)
           ^^^^^^^^^^^^^^^^^^^^^^^^^^^^^^^^^^^^^^^^^^^^^^^^^^^^^^^^^^^^^^^^^^^^^^
.venv\Lib\site-packages\pluggy\_manager.py:120: in _hookexec
    return self._inner_hookexec(hook_name, methods, kwargs, firstresult)
           ^^^^^^^^^^^^^^^^^^^^^^^^^^^^^^^^^^^^^^^^^^^^^^^^^^^^^^^^^^^^^
.venv\Lib\site-packages\_pytest\logging.py:843: in pytest_runtest_setup
    yield
.venv\Lib\site-packages\_pytest\capture.py:895: in pytest_runtest_setup
    return (yield)
            ^^^^^
.venv\Lib\site-packages\_pytest\runner.py:164: in pytest_runtest_setup
    item.session._setupstate.setup(item)
.venv\Lib\site-packages\_pytest\runner.py:514: in setup
    col.setup()
.venv\Lib\site-packages\_pytest\python.py:1674: in setup
    self._request._fillfixtures()
.venv\Lib\site-packages\_pytest\fixtures.py:719: in _fillfixtures
    item.funcargs[argname] = self.getfixturevalue(argname)
                             ^^^^^^^^^^^^^^^^^^^^^^^^^^^^^
.venv\Lib\site-packages\_pytest\fixtures.py:548: in getfixturevalue
    fixturedef = self._get_active_fixturedef(argname)
                 ^^^^^^^^^^^^^^^^^^^^^^^^^^^^^^^^^^^^
.venv\Lib\site-packages\_pytest\fixtures.py:639: in _get_active_fixturedef
    fixturedef.execute(request=subrequest)
.venv\Lib\site-packages\_pytest\fixtures.py:1083: in execute
    fixturedef = request._get_active_fixturedef(argname)
                 ^^^^^^^^^^^^^^^^^^^^^^^^^^^^^^^^^^^^^^^
.venv\Lib\site-packages\_pytest\fixtures.py:639: in _get_active_fixturedef
    fixturedef.execute(request=subrequest)
.venv\Lib\site-packages\_pytest\fixtures.py:1127: in execute
    result = ihook.pytest_fixture_setup(fixturedef=self, request=request)
             ^^^^^^^^^^^^^^^^^^^^^^^^^^^^^^^^^^^^^^^^^^^^^^^^^^^^^^^^^^^^
.venv\Lib\site-packages\pluggy\_hooks.py:512: in __call__
    return self._hookexec(self.name, self._hookimpls.copy(), kwargs, firstresult)
           ^^^^^^^^^^^^^^^^^^^^^^^^^^^^^^^^^^^^^^^^^^^^^^^^^^^^^^^^^^^^^^^^^^^^^^
.venv\Lib\site-packages\pluggy\_manager.py:120: in _hookexec
    return self._inner_hookexec(hook_name, methods, kwargs, firstresult)
           ^^^^^^^^^^^^^^^^^^^^^^^^^^^^^^^^^^^^^^^^^^^^^^^^^^^^^^^^^^^^^
.venv\Lib\site-packages\pluggy\_callers.py:53: in run_old_style_hookwrapper
    return result.get_result()
           ^^^^^^^^^^^^^^^^^^^
.venv\Lib\site-packages\pluggy\_callers.py:38: in run_old_style_hookwrapper
    res = yield
          ^^^^^
.venv\Lib\site-packages\_pytest\setuponly.py:36: in pytest_fixture_setup
    return (yield)
            ^^^^^
.venv\Lib\site-packages\_pytest\fixtures.py:1195: in pytest_fixture_setup
    result = call_fixture_func(fixturefunc, request, kwargs)
             ^^^^^^^^^^^^^^^^^^^^^^^^^^^^^^^^^^^^^^^^^^^^^^^
.venv\Lib\site-packages\_pytest\fixtures.py:922: in call_fixture_func
    fixture_result = next(generator)
                     ^^^^^^^^^^^^^^^
.venv\Lib\site-packages\_pytest\tmpdir.py:264: in tmp_path
    path = _mk_tmp(request, tmp_path_factory)
           ^^^^^^^^^^^^^^^^^^^^^^^^^^^^^^^^^^
.venv\Lib\site-packages\_pytest\tmpdir.py:251: in _mk_tmp
    return factory.mktemp(name, numbered=True)
           ^^^^^^^^^^^^^^^^^^^^^^^^^^^^^^^^^^^
.venv\Lib\site-packages\_pytest\tmpdir.py:130: in mktemp
    basename = self._ensure_relative_to_basetemp(basename)
               ^^^^^^^^^^^^^^^^^^^^^^^^^^^^^^^^^^^^^^^^^^^
.venv\Lib\site-packages\_pytest\tmpdir.py:111: in _ensure_relative_to_basetemp
    if (self.getbasetemp() / basename).resolve().parent != self.getbasetemp():
        ^^^^^^^^^^^^^^^^^^
.venv\Lib\site-packages\_pytest\tmpdir.py:186: in getbasetemp
    basetemp = make_numbered_dir_with_cleanup(
.venv\Lib\site-packages\_pytest\pathlib.py:407: in make_numbered_dir_with_cleanup
    raise e
.venv\Lib\site-packages\_pytest\pathlib.py:388: in make_numbered_dir_with_cleanup
    p = make_numbered_dir(root, prefix, mode)
        ^^^^^^^^^^^^^^^^^^^^^^^^^^^^^^^^^^^^^
.venv\Lib\site-packages\_pytest\pathlib.py:229: in make_numbered_dir
    max_existing = max(map(parse_num, find_suffixes(root, prefix)), default=-1)
                   ^^^^^^^^^^^^^^^^^^^^^^^^^^^^^^^^^^^^^^^^^^^^^^^^^^^^^^^^^^^^
.venv\Lib\site-packages\_pytest\pathlib.py:188: in extract_suffixes
    for entry in iter:
                 ^^^^
_ _ _ _ _ _ _ _ _ _ _ _ _ _ _ _ _ _ _ _ _ _ _ _ _ _ _ _ _ _ _ _ _ _ _ _ _ _ _ _

root = WindowsPath('C:/Users/XL/AppData/Local/Temp/pytest-of-XL')
prefix = 'pytest-'

    def find_prefixed(root: Path, prefix: str) -> Iterator[os.DirEntry[str]]:
        """Find all elements in root that begin with the prefix, case-insensitive."""
        l_prefix = prefix.lower()
>       for x in os.scandir(root):
                 ^^^^^^^^^^^^^^^^
E       PermissionError: [WinError 5] 拒绝访问。: 'C:\\Users\\XL\\AppData\\Local\\Temp\\pytest-of-XL'

.venv\Lib\site-packages\_pytest\pathlib.py:176: PermissionError
___ ERROR at setup of test_stale_or_wrong_confirmation_is_rejected[record] ____

cls = <class '_pytest.runner.CallInfo'>
func = <function call_and_report.<locals>.<lambda> at 0x000001845D6F7920>
when = 'setup'
reraise = (<class '_pytest.outcomes.Exit'>, <class 'KeyboardInterrupt'>)

    @classmethod
    def from_call(
        cls,
        func: Callable[[], TResult],
        when: Literal["collect", "setup", "call", "teardown"],
        reraise: type[BaseException] | tuple[type[BaseException], ...] | None = None,
    ) -> CallInfo[TResult]:
        """Call func, wrapping the result in a CallInfo.
    
        :param func:
            The function to call. Called without arguments.
        :type func: Callable[[], _pytest.runner.TResult]
        :param when:
            The phase in which the function is called.
        :param reraise:
            Exception or exceptions that shall propagate if raised by the
            function, instead of being wrapped in the CallInfo.
        """
        excinfo = None
        instant = timing.Instant()
        try:
>           result: TResult | None = func()
                                     ^^^^^^

.venv\Lib\site-packages\_pytest\runner.py:344: 
_ _ _ _ _ _ _ _ _ _ _ _ _ _ _ _ _ _ _ _ _ _ _ _ _ _ _ _ _ _ _ _ _ _ _ _ _ _ _ _
.venv\Lib\site-packages\_pytest\runner.py:246: in <lambda>
    lambda: runtest_hook(item=item, **kwds), when=when, reraise=reraise
            ^^^^^^^^^^^^^^^^^^^^^^^^^^^^^^^
.venv\Lib\site-packages\pluggy\_hooks.py:512: in __call__
    return self._hookexec(self.name, self._hookimpls.copy(), kwargs, firstresult)
           ^^^^^^^^^^^^^^^^^^^^^^^^^^^^^^^^^^^^^^^^^^^^^^^^^^^^^^^^^^^^^^^^^^^^^^
.venv\Lib\site-packages\pluggy\_manager.py:120: in _hookexec
    return self._inner_hookexec(hook_name, methods, kwargs, firstresult)
           ^^^^^^^^^^^^^^^^^^^^^^^^^^^^^^^^^^^^^^^^^^^^^^^^^^^^^^^^^^^^^
.venv\Lib\site-packages\_pytest\logging.py:843: in pytest_runtest_setup
    yield
.venv\Lib\site-packages\_pytest\capture.py:895: in pytest_runtest_setup
    return (yield)
            ^^^^^
.venv\Lib\site-packages\_pytest\runner.py:164: in pytest_runtest_setup
    item.session._setupstate.setup(item)
.venv\Lib\site-packages\_pytest\runner.py:514: in setup
    col.setup()
.venv\Lib\site-packages\_pytest\python.py:1674: in setup
    self._request._fillfixtures()
.venv\Lib\site-packages\_pytest\fixtures.py:719: in _fillfixtures
    item.funcargs[argname] = self.getfixturevalue(argname)
                             ^^^^^^^^^^^^^^^^^^^^^^^^^^^^^
.venv\Lib\site-packages\_pytest\fixtures.py:548: in getfixturevalue
    fixturedef = self._get_active_fixturedef(argname)
                 ^^^^^^^^^^^^^^^^^^^^^^^^^^^^^^^^^^^^
.venv\Lib\site-packages\_pytest\fixtures.py:639: in _get_active_fixturedef
    fixturedef.execute(request=subrequest)
.venv\Lib\site-packages\_pytest\fixtures.py:1083: in execute
    fixturedef = request._get_active_fixturedef(argname)
                 ^^^^^^^^^^^^^^^^^^^^^^^^^^^^^^^^^^^^^^^
.venv\Lib\site-packages\_pytest\fixtures.py:639: in _get_active_fixturedef
    fixturedef.execute(request=subrequest)
.venv\Lib\site-packages\_pytest\fixtures.py:1127: in execute
    result = ihook.pytest_fixture_setup(fixturedef=self, request=request)
             ^^^^^^^^^^^^^^^^^^^^^^^^^^^^^^^^^^^^^^^^^^^^^^^^^^^^^^^^^^^^
.venv\Lib\site-packages\pluggy\_hooks.py:512: in __call__
    return self._hookexec(self.name, self._hookimpls.copy(), kwargs, firstresult)
           ^^^^^^^^^^^^^^^^^^^^^^^^^^^^^^^^^^^^^^^^^^^^^^^^^^^^^^^^^^^^^^^^^^^^^^
.venv\Lib\site-packages\pluggy\_manager.py:120: in _hookexec
    return self._inner_hookexec(hook_name, methods, kwargs, firstresult)
           ^^^^^^^^^^^^^^^^^^^^^^^^^^^^^^^^^^^^^^^^^^^^^^^^^^^^^^^^^^^^^
.venv\Lib\site-packages\pluggy\_callers.py:53: in run_old_style_hookwrapper
    return result.get_result()
           ^^^^^^^^^^^^^^^^^^^
.venv\Lib\site-packages\pluggy\_callers.py:38: in run_old_style_hookwrapper
    res = yield
          ^^^^^
.venv\Lib\site-packages\_pytest\setuponly.py:36: in pytest_fixture_setup
    return (yield)
            ^^^^^
.venv\Lib\site-packages\_pytest\fixtures.py:1195: in pytest_fixture_setup
    result = call_fixture_func(fixturefunc, request, kwargs)
             ^^^^^^^^^^^^^^^^^^^^^^^^^^^^^^^^^^^^^^^^^^^^^^^
.venv\Lib\site-packages\_pytest\fixtures.py:922: in call_fixture_func
    fixture_result = next(generator)
                     ^^^^^^^^^^^^^^^
.venv\Lib\site-packages\_pytest\tmpdir.py:264: in tmp_path
    path = _mk_tmp(request, tmp_path_factory)
           ^^^^^^^^^^^^^^^^^^^^^^^^^^^^^^^^^^
.venv\Lib\site-packages\_pytest\tmpdir.py:251: in _mk_tmp
    return factory.mktemp(name, numbered=True)
           ^^^^^^^^^^^^^^^^^^^^^^^^^^^^^^^^^^^
.venv\Lib\site-packages\_pytest\tmpdir.py:130: in mktemp
    basename = self._ensure_relative_to_basetemp(basename)
               ^^^^^^^^^^^^^^^^^^^^^^^^^^^^^^^^^^^^^^^^^^^
.venv\Lib\site-packages\_pytest\tmpdir.py:111: in _ensure_relative_to_basetemp
    if (self.getbasetemp() / basename).resolve().parent != self.getbasetemp():
        ^^^^^^^^^^^^^^^^^^
.venv\Lib\site-packages\_pytest\tmpdir.py:186: in getbasetemp
    basetemp = make_numbered_dir_with_cleanup(
.venv\Lib\site-packages\_pytest\pathlib.py:407: in make_numbered_dir_with_cleanup
    raise e
.venv\Lib\site-packages\_pytest\pathlib.py:388: in make_numbered_dir_with_cleanup
    p = make_numbered_dir(root, prefix, mode)
        ^^^^^^^^^^^^^^^^^^^^^^^^^^^^^^^^^^^^^
.venv\Lib\site-packages\_pytest\pathlib.py:229: in make_numbered_dir
    max_existing = max(map(parse_num, find_suffixes(root, prefix)), default=-1)
                   ^^^^^^^^^^^^^^^^^^^^^^^^^^^^^^^^^^^^^^^^^^^^^^^^^^^^^^^^^^^^
.venv\Lib\site-packages\_pytest\pathlib.py:188: in extract_suffixes
    for entry in iter:
                 ^^^^
_ _ _ _ _ _ _ _ _ _ _ _ _ _ _ _ _ _ _ _ _ _ _ _ _ _ _ _ _ _ _ _ _ _ _ _ _ _ _ _

root = WindowsPath('C:/Users/XL/AppData/Local/Temp/pytest-of-XL')
prefix = 'pytest-'

    def find_prefixed(root: Path, prefix: str) -> Iterator[os.DirEntry[str]]:
        """Find all elements in root that begin with the prefix, case-insensitive."""
        l_prefix = prefix.lower()
>       for x in os.scandir(root):
                 ^^^^^^^^^^^^^^^^
E       PermissionError: [WinError 5] 拒绝访问。: 'C:\\Users\\XL\\AppData\\Local\\Temp\\pytest-of-XL'

.venv\Lib\site-packages\_pytest\pathlib.py:176: PermissionError
__ ERROR at setup of test_stale_or_wrong_confirmation_is_rejected[snapshot] ___

cls = <class '_pytest.runner.CallInfo'>
func = <function call_and_report.<locals>.<lambda> at 0x000001845D702B60>
when = 'setup'
reraise = (<class '_pytest.outcomes.Exit'>, <class 'KeyboardInterrupt'>)

    @classmethod
    def from_call(
        cls,
        func: Callable[[], TResult],
        when: Literal["collect", "setup", "call", "teardown"],
        reraise: type[BaseException] | tuple[type[BaseException], ...] | None = None,
    ) -> CallInfo[TResult]:
        """Call func, wrapping the result in a CallInfo.
    
        :param func:
            The function to call. Called without arguments.
        :type func: Callable[[], _pytest.runner.TResult]
        :param when:
            The phase in which the function is called.
        :param reraise:
            Exception or exceptions that shall propagate if raised by the
            function, instead of being wrapped in the CallInfo.
        """
        excinfo = None
        instant = timing.Instant()
        try:
>           result: TResult | None = func()
                                     ^^^^^^

.venv\Lib\site-packages\_pytest\runner.py:344: 
_ _ _ _ _ _ _ _ _ _ _ _ _ _ _ _ _ _ _ _ _ _ _ _ _ _ _ _ _ _ _ _ _ _ _ _ _ _ _ _
.venv\Lib\site-packages\_pytest\runner.py:246: in <lambda>
    lambda: runtest_hook(item=item, **kwds), when=when, reraise=reraise
            ^^^^^^^^^^^^^^^^^^^^^^^^^^^^^^^
.venv\Lib\site-packages\pluggy\_hooks.py:512: in __call__
    return self._hookexec(self.name, self._hookimpls.copy(), kwargs, firstresult)
           ^^^^^^^^^^^^^^^^^^^^^^^^^^^^^^^^^^^^^^^^^^^^^^^^^^^^^^^^^^^^^^^^^^^^^^
.venv\Lib\site-packages\pluggy\_manager.py:120: in _hookexec
    return self._inner_hookexec(hook_name, methods, kwargs, firstresult)
           ^^^^^^^^^^^^^^^^^^^^^^^^^^^^^^^^^^^^^^^^^^^^^^^^^^^^^^^^^^^^^
.venv\Lib\site-packages\_pytest\logging.py:843: in pytest_runtest_setup
    yield
.venv\Lib\site-packages\_pytest\capture.py:895: in pytest_runtest_setup
    return (yield)
            ^^^^^
.venv\Lib\site-packages\_pytest\runner.py:164: in pytest_runtest_setup
    item.session._setupstate.setup(item)
.venv\Lib\site-packages\_pytest\runner.py:514: in setup
    col.setup()
.venv\Lib\site-packages\_pytest\python.py:1674: in setup
    self._request._fillfixtures()
.venv\Lib\site-packages\_pytest\fixtures.py:719: in _fillfixtures
    item.funcargs[argname] = self.getfixturevalue(argname)
                             ^^^^^^^^^^^^^^^^^^^^^^^^^^^^^
.venv\Lib\site-packages\_pytest\fixtures.py:548: in getfixturevalue
    fixturedef = self._get_active_fixturedef(argname)
                 ^^^^^^^^^^^^^^^^^^^^^^^^^^^^^^^^^^^^
.venv\Lib\site-packages\_pytest\fixtures.py:639: in _get_active_fixturedef
    fixturedef.execute(request=subrequest)
.venv\Lib\site-packages\_pytest\fixtures.py:1083: in execute
    fixturedef = request._get_active_fixturedef(argname)
                 ^^^^^^^^^^^^^^^^^^^^^^^^^^^^^^^^^^^^^^^
.venv\Lib\site-packages\_pytest\fixtures.py:639: in _get_active_fixturedef
    fixturedef.execute(request=subrequest)
.venv\Lib\site-packages\_pytest\fixtures.py:1127: in execute
    result = ihook.pytest_fixture_setup(fixturedef=self, request=request)
             ^^^^^^^^^^^^^^^^^^^^^^^^^^^^^^^^^^^^^^^^^^^^^^^^^^^^^^^^^^^^
.venv\Lib\site-packages\pluggy\_hooks.py:512: in __call__
    return self._hookexec(self.name, self._hookimpls.copy(), kwargs, firstresult)
           ^^^^^^^^^^^^^^^^^^^^^^^^^^^^^^^^^^^^^^^^^^^^^^^^^^^^^^^^^^^^^^^^^^^^^^
.venv\Lib\site-packages\pluggy\_manager.py:120: in _hookexec
    return self._inner_hookexec(hook_name, methods, kwargs, firstresult)
           ^^^^^^^^^^^^^^^^^^^^^^^^^^^^^^^^^^^^^^^^^^^^^^^^^^^^^^^^^^^^^
.venv\Lib\site-packages\pluggy\_callers.py:53: in run_old_style_hookwrapper
    return result.get_result()
           ^^^^^^^^^^^^^^^^^^^
.venv\Lib\site-packages\pluggy\_callers.py:38: in run_old_style_hookwrapper
    res = yield
          ^^^^^
.venv\Lib\site-packages\_pytest\setuponly.py:36: in pytest_fixture_setup
    return (yield)
            ^^^^^
.venv\Lib\site-packages\_pytest\fixtures.py:1195: in pytest_fixture_setup
    result = call_fixture_func(fixturefunc, request, kwargs)
             ^^^^^^^^^^^^^^^^^^^^^^^^^^^^^^^^^^^^^^^^^^^^^^^
.venv\Lib\site-packages\_pytest\fixtures.py:922: in call_fixture_func
    fixture_result = next(generator)
                     ^^^^^^^^^^^^^^^
.venv\Lib\site-packages\_pytest\tmpdir.py:264: in tmp_path
    path = _mk_tmp(request, tmp_path_factory)
           ^^^^^^^^^^^^^^^^^^^^^^^^^^^^^^^^^^
.venv\Lib\site-packages\_pytest\tmpdir.py:251: in _mk_tmp
    return factory.mktemp(name, numbered=True)
           ^^^^^^^^^^^^^^^^^^^^^^^^^^^^^^^^^^^
.venv\Lib\site-packages\_pytest\tmpdir.py:130: in mktemp
    basename = self._ensure_relative_to_basetemp(basename)
               ^^^^^^^^^^^^^^^^^^^^^^^^^^^^^^^^^^^^^^^^^^^
.venv\Lib\site-packages\_pytest\tmpdir.py:111: in _ensure_relative_to_basetemp
    if (self.getbasetemp() / basename).resolve().parent != self.getbasetemp():
        ^^^^^^^^^^^^^^^^^^
.venv\Lib\site-packages\_pytest\tmpdir.py:186: in getbasetemp
    basetemp = make_numbered_dir_with_cleanup(
.venv\Lib\site-packages\_pytest\pathlib.py:407: in make_numbered_dir_with_cleanup
    raise e
.venv\Lib\site-packages\_pytest\pathlib.py:388: in make_numbered_dir_with_cleanup
    p = make_numbered_dir(root, prefix, mode)
        ^^^^^^^^^^^^^^^^^^^^^^^^^^^^^^^^^^^^^
.venv\Lib\site-packages\_pytest\pathlib.py:229: in make_numbered_dir
    max_existing = max(map(parse_num, find_suffixes(root, prefix)), default=-1)
                   ^^^^^^^^^^^^^^^^^^^^^^^^^^^^^^^^^^^^^^^^^^^^^^^^^^^^^^^^^^^^
.venv\Lib\site-packages\_pytest\pathlib.py:188: in extract_suffixes
    for entry in iter:
                 ^^^^
_ _ _ _ _ _ _ _ _ _ _ _ _ _ _ _ _ _ _ _ _ _ _ _ _ _ _ _ _ _ _ _ _ _ _ _ _ _ _ _

root = WindowsPath('C:/Users/XL/AppData/Local/Temp/pytest-of-XL')
prefix = 'pytest-'

    def find_prefixed(root: Path, prefix: str) -> Iterator[os.DirEntry[str]]:
        """Find all elements in root that begin with the prefix, case-insensitive."""
        l_prefix = prefix.lower()
>       for x in os.scandir(root):
                 ^^^^^^^^^^^^^^^^
E       PermissionError: [WinError 5] 拒绝访问。: 'C:\\Users\\XL\\AppData\\Local\\Temp\\pytest-of-XL'

.venv\Lib\site-packages\_pytest\pathlib.py:176: PermissionError
__ ERROR at setup of test_stale_or_wrong_confirmation_is_rejected[candidate] __

cls = <class '_pytest.runner.CallInfo'>
func = <function call_and_report.<locals>.<lambda> at 0x000001845D700B80>
when = 'setup'
reraise = (<class '_pytest.outcomes.Exit'>, <class 'KeyboardInterrupt'>)

    @classmethod
    def from_call(
        cls,
        func: Callable[[], TResult],
        when: Literal["collect", "setup", "call", "teardown"],
        reraise: type[BaseException] | tuple[type[BaseException], ...] | None = None,
    ) -> CallInfo[TResult]:
        """Call func, wrapping the result in a CallInfo.
    
        :param func:
            The function to call. Called without arguments.
        :type func: Callable[[], _pytest.runner.TResult]
        :param when:
            The phase in which the function is called.
        :param reraise:
            Exception or exceptions that shall propagate if raised by the
            function, instead of being wrapped in the CallInfo.
        """
        excinfo = None
        instant = timing.Instant()
        try:
>           result: TResult | None = func()
                                     ^^^^^^

.venv\Lib\site-packages\_pytest\runner.py:344: 
_ _ _ _ _ _ _ _ _ _ _ _ _ _ _ _ _ _ _ _ _ _ _ _ _ _ _ _ _ _ _ _ _ _ _ _ _ _ _ _
.venv\Lib\site-packages\_pytest\runner.py:246: in <lambda>
    lambda: runtest_hook(item=item, **kwds), when=when, reraise=reraise
            ^^^^^^^^^^^^^^^^^^^^^^^^^^^^^^^
.venv\Lib\site-packages\pluggy\_hooks.py:512: in __call__
    return self._hookexec(self.name, self._hookimpls.copy(), kwargs, firstresult)
           ^^^^^^^^^^^^^^^^^^^^^^^^^^^^^^^^^^^^^^^^^^^^^^^^^^^^^^^^^^^^^^^^^^^^^^
.venv\Lib\site-packages\pluggy\_manager.py:120: in _hookexec
    return self._inner_hookexec(hook_name, methods, kwargs, firstresult)
           ^^^^^^^^^^^^^^^^^^^^^^^^^^^^^^^^^^^^^^^^^^^^^^^^^^^^^^^^^^^^^
.venv\Lib\site-packages\_pytest\logging.py:843: in pytest_runtest_setup
    yield
.venv\Lib\site-packages\_pytest\capture.py:895: in pytest_runtest_setup
    return (yield)
            ^^^^^
.venv\Lib\site-packages\_pytest\runner.py:164: in pytest_runtest_setup
    item.session._setupstate.setup(item)
.venv\Lib\site-packages\_pytest\runner.py:514: in setup
    col.setup()
.venv\Lib\site-packages\_pytest\python.py:1674: in setup
    self._request._fillfixtures()
.venv\Lib\site-packages\_pytest\fixtures.py:719: in _fillfixtures
    item.funcargs[argname] = self.getfixturevalue(argname)
                             ^^^^^^^^^^^^^^^^^^^^^^^^^^^^^
.venv\Lib\site-packages\_pytest\fixtures.py:548: in getfixturevalue
    fixturedef = self._get_active_fixturedef(argname)
                 ^^^^^^^^^^^^^^^^^^^^^^^^^^^^^^^^^^^^
.venv\Lib\site-packages\_pytest\fixtures.py:639: in _get_active_fixturedef
    fixturedef.execute(request=subrequest)
.venv\Lib\site-packages\_pytest\fixtures.py:1083: in execute
    fixturedef = request._get_active_fixturedef(argname)
                 ^^^^^^^^^^^^^^^^^^^^^^^^^^^^^^^^^^^^^^^
.venv\Lib\site-packages\_pytest\fixtures.py:639: in _get_active_fixturedef
    fixturedef.execute(request=subrequest)
.venv\Lib\site-packages\_pytest\fixtures.py:1127: in execute
    result = ihook.pytest_fixture_setup(fixturedef=self, request=request)
             ^^^^^^^^^^^^^^^^^^^^^^^^^^^^^^^^^^^^^^^^^^^^^^^^^^^^^^^^^^^^
.venv\Lib\site-packages\pluggy\_hooks.py:512: in __call__
    return self._hookexec(self.name, self._hookimpls.copy(), kwargs, firstresult)
           ^^^^^^^^^^^^^^^^^^^^^^^^^^^^^^^^^^^^^^^^^^^^^^^^^^^^^^^^^^^^^^^^^^^^^^
.venv\Lib\site-packages\pluggy\_manager.py:120: in _hookexec
    return self._inner_hookexec(hook_name, methods, kwargs, firstresult)
           ^^^^^^^^^^^^^^^^^^^^^^^^^^^^^^^^^^^^^^^^^^^^^^^^^^^^^^^^^^^^^
.venv\Lib\site-packages\pluggy\_callers.py:53: in run_old_style_hookwrapper
    return result.get_result()
           ^^^^^^^^^^^^^^^^^^^
.venv\Lib\site-packages\pluggy\_callers.py:38: in run_old_style_hookwrapper
    res = yield
          ^^^^^
.venv\Lib\site-packages\_pytest\setuponly.py:36: in pytest_fixture_setup
    return (yield)
            ^^^^^
.venv\Lib\site-packages\_pytest\fixtures.py:1195: in pytest_fixture_setup
    result = call_fixture_func(fixturefunc, request, kwargs)
             ^^^^^^^^^^^^^^^^^^^^^^^^^^^^^^^^^^^^^^^^^^^^^^^
.venv\Lib\site-packages\_pytest\fixtures.py:922: in call_fixture_func
    fixture_result = next(generator)
                     ^^^^^^^^^^^^^^^
.venv\Lib\site-packages\_pytest\tmpdir.py:264: in tmp_path
    path = _mk_tmp(request, tmp_path_factory)
           ^^^^^^^^^^^^^^^^^^^^^^^^^^^^^^^^^^
.venv\Lib\site-packages\_pytest\tmpdir.py:251: in _mk_tmp
    return factory.mktemp(name, numbered=True)
           ^^^^^^^^^^^^^^^^^^^^^^^^^^^^^^^^^^^
.venv\Lib\site-packages\_pytest\tmpdir.py:130: in mktemp
    basename = self._ensure_relative_to_basetemp(basename)
               ^^^^^^^^^^^^^^^^^^^^^^^^^^^^^^^^^^^^^^^^^^^
.venv\Lib\site-packages\_pytest\tmpdir.py:111: in _ensure_relative_to_basetemp
    if (self.getbasetemp() / basename).resolve().parent != self.getbasetemp():
        ^^^^^^^^^^^^^^^^^^
.venv\Lib\site-packages\_pytest\tmpdir.py:186: in getbasetemp
    basetemp = make_numbered_dir_with_cleanup(
.venv\Lib\site-packages\_pytest\pathlib.py:407: in make_numbered_dir_with_cleanup
    raise e
.venv\Lib\site-packages\_pytest\pathlib.py:388: in make_numbered_dir_with_cleanup
    p = make_numbered_dir(root, prefix, mode)
        ^^^^^^^^^^^^^^^^^^^^^^^^^^^^^^^^^^^^^
.venv\Lib\site-packages\_pytest\pathlib.py:229: in make_numbered_dir
    max_existing = max(map(parse_num, find_suffixes(root, prefix)), default=-1)
                   ^^^^^^^^^^^^^^^^^^^^^^^^^^^^^^^^^^^^^^^^^^^^^^^^^^^^^^^^^^^^
.venv\Lib\site-packages\_pytest\pathlib.py:188: in extract_suffixes
    for entry in iter:
                 ^^^^
_ _ _ _ _ _ _ _ _ _ _ _ _ _ _ _ _ _ _ _ _ _ _ _ _ _ _ _ _ _ _ _ _ _ _ _ _ _ _ _

root = WindowsPath('C:/Users/XL/AppData/Local/Temp/pytest-of-XL')
prefix = 'pytest-'

    def find_prefixed(root: Path, prefix: str) -> Iterator[os.DirEntry[str]]:
        """Find all elements in root that begin with the prefix, case-insensitive."""
        l_prefix = prefix.lower()
>       for x in os.scandir(root):
                 ^^^^^^^^^^^^^^^^
E       PermissionError: [WinError 5] 拒绝访问。: 'C:\\Users\\XL\\AppData\\Local\\Temp\\pytest-of-XL'

.venv\Lib\site-packages\_pytest\pathlib.py:176: PermissionError
____ ERROR at setup of test_stale_or_wrong_confirmation_is_rejected[token] ____

cls = <class '_pytest.runner.CallInfo'>
func = <function call_and_report.<locals>.<lambda> at 0x000001845D6F74C0>
when = 'setup'
reraise = (<class '_pytest.outcomes.Exit'>, <class 'KeyboardInterrupt'>)

    @classmethod
    def from_call(
        cls,
        func: Callable[[], TResult],
        when: Literal["collect", "setup", "call", "teardown"],
        reraise: type[BaseException] | tuple[type[BaseException], ...] | None = None,
    ) -> CallInfo[TResult]:
        """Call func, wrapping the result in a CallInfo.
    
        :param func:
            The function to call. Called without arguments.
        :type func: Callable[[], _pytest.runner.TResult]
        :param when:
            The phase in which the function is called.
        :param reraise:
            Exception or exceptions that shall propagate if raised by the
            function, instead of being wrapped in the CallInfo.
        """
        excinfo = None
        instant = timing.Instant()
        try:
>           result: TResult | None = func()
                                     ^^^^^^

.venv\Lib\site-packages\_pytest\runner.py:344: 
_ _ _ _ _ _ _ _ _ _ _ _ _ _ _ _ _ _ _ _ _ _ _ _ _ _ _ _ _ _ _ _ _ _ _ _ _ _ _ _
.venv\Lib\site-packages\_pytest\runner.py:246: in <lambda>
    lambda: runtest_hook(item=item, **kwds), when=when, reraise=reraise
            ^^^^^^^^^^^^^^^^^^^^^^^^^^^^^^^
.venv\Lib\site-packages\pluggy\_hooks.py:512: in __call__
    return self._hookexec(self.name, self._hookimpls.copy(), kwargs, firstresult)
           ^^^^^^^^^^^^^^^^^^^^^^^^^^^^^^^^^^^^^^^^^^^^^^^^^^^^^^^^^^^^^^^^^^^^^^
.venv\Lib\site-packages\pluggy\_manager.py:120: in _hookexec
    return self._inner_hookexec(hook_name, methods, kwargs, firstresult)
           ^^^^^^^^^^^^^^^^^^^^^^^^^^^^^^^^^^^^^^^^^^^^^^^^^^^^^^^^^^^^^
.venv\Lib\site-packages\_pytest\logging.py:843: in pytest_runtest_setup
    yield
.venv\Lib\site-packages\_pytest\capture.py:895: in pytest_runtest_setup
    return (yield)
            ^^^^^
.venv\Lib\site-packages\_pytest\runner.py:164: in pytest_runtest_setup
    item.session._setupstate.setup(item)
.venv\Lib\site-packages\_pytest\runner.py:514: in setup
    col.setup()
.venv\Lib\site-packages\_pytest\python.py:1674: in setup
    self._request._fillfixtures()
.venv\Lib\site-packages\_pytest\fixtures.py:719: in _fillfixtures
    item.funcargs[argname] = self.getfixturevalue(argname)
                             ^^^^^^^^^^^^^^^^^^^^^^^^^^^^^
.venv\Lib\site-packages\_pytest\fixtures.py:548: in getfixturevalue
    fixturedef = self._get_active_fixturedef(argname)
                 ^^^^^^^^^^^^^^^^^^^^^^^^^^^^^^^^^^^^
.venv\Lib\site-packages\_pytest\fixtures.py:639: in _get_active_fixturedef
    fixturedef.execute(request=subrequest)
.venv\Lib\site-packages\_pytest\fixtures.py:1083: in execute
    fixturedef = request._get_active_fixturedef(argname)
                 ^^^^^^^^^^^^^^^^^^^^^^^^^^^^^^^^^^^^^^^
.venv\Lib\site-packages\_pytest\fixtures.py:639: in _get_active_fixturedef
    fixturedef.execute(request=subrequest)
.venv\Lib\site-packages\_pytest\fixtures.py:1127: in execute
    result = ihook.pytest_fixture_setup(fixturedef=self, request=request)
             ^^^^^^^^^^^^^^^^^^^^^^^^^^^^^^^^^^^^^^^^^^^^^^^^^^^^^^^^^^^^
.venv\Lib\site-packages\pluggy\_hooks.py:512: in __call__
    return self._hookexec(self.name, self._hookimpls.copy(), kwargs, firstresult)
           ^^^^^^^^^^^^^^^^^^^^^^^^^^^^^^^^^^^^^^^^^^^^^^^^^^^^^^^^^^^^^^^^^^^^^^
.venv\Lib\site-packages\pluggy\_manager.py:120: in _hookexec
    return self._inner_hookexec(hook_name, methods, kwargs, firstresult)
           ^^^^^^^^^^^^^^^^^^^^^^^^^^^^^^^^^^^^^^^^^^^^^^^^^^^^^^^^^^^^^
.venv\Lib\site-packages\pluggy\_callers.py:53: in run_old_style_hookwrapper
    return result.get_result()
           ^^^^^^^^^^^^^^^^^^^
.venv\Lib\site-packages\pluggy\_callers.py:38: in run_old_style_hookwrapper
    res = yield
          ^^^^^
.venv\Lib\site-packages\_pytest\setuponly.py:36: in pytest_fixture_setup
    return (yield)
            ^^^^^
.venv\Lib\site-packages\_pytest\fixtures.py:1195: in pytest_fixture_setup
    result = call_fixture_func(fixturefunc, request, kwargs)
             ^^^^^^^^^^^^^^^^^^^^^^^^^^^^^^^^^^^^^^^^^^^^^^^
.venv\Lib\site-packages\_pytest\fixtures.py:922: in call_fixture_func
    fixture_result = next(generator)
                     ^^^^^^^^^^^^^^^
.venv\Lib\site-packages\_pytest\tmpdir.py:264: in tmp_path
    path = _mk_tmp(request, tmp_path_factory)
           ^^^^^^^^^^^^^^^^^^^^^^^^^^^^^^^^^^
.venv\Lib\site-packages\_pytest\tmpdir.py:251: in _mk_tmp
    return factory.mktemp(name, numbered=True)
           ^^^^^^^^^^^^^^^^^^^^^^^^^^^^^^^^^^^
.venv\Lib\site-packages\_pytest\tmpdir.py:130: in mktemp
    basename = self._ensure_relative_to_basetemp(basename)
               ^^^^^^^^^^^^^^^^^^^^^^^^^^^^^^^^^^^^^^^^^^^
.venv\Lib\site-packages\_pytest\tmpdir.py:111: in _ensure_relative_to_basetemp
    if (self.getbasetemp() / basename).resolve().parent != self.getbasetemp():
        ^^^^^^^^^^^^^^^^^^
.venv\Lib\site-packages\_pytest\tmpdir.py:186: in getbasetemp
    basetemp = make_numbered_dir_with_cleanup(
.venv\Lib\site-packages\_pytest\pathlib.py:407: in make_numbered_dir_with_cleanup
    raise e
.venv\Lib\site-packages\_pytest\pathlib.py:388: in make_numbered_dir_with_cleanup
    p = make_numbered_dir(root, prefix, mode)
        ^^^^^^^^^^^^^^^^^^^^^^^^^^^^^^^^^^^^^
.venv\Lib\site-packages\_pytest\pathlib.py:229: in make_numbered_dir
    max_existing = max(map(parse_num, find_suffixes(root, prefix)), default=-1)
                   ^^^^^^^^^^^^^^^^^^^^^^^^^^^^^^^^^^^^^^^^^^^^^^^^^^^^^^^^^^^^
.venv\Lib\site-packages\_pytest\pathlib.py:188: in extract_suffixes
    for entry in iter:
                 ^^^^
_ _ _ _ _ _ _ _ _ _ _ _ _ _ _ _ _ _ _ _ _ _ _ _ _ _ _ _ _ _ _ _ _ _ _ _ _ _ _ _

root = WindowsPath('C:/Users/XL/AppData/Local/Temp/pytest-of-XL')
prefix = 'pytest-'

    def find_prefixed(root: Path, prefix: str) -> Iterator[os.DirEntry[str]]:
        """Find all elements in root that begin with the prefix, case-insensitive."""
        l_prefix = prefix.lower()
>       for x in os.scandir(root):
                 ^^^^^^^^^^^^^^^^
E       PermissionError: [WinError 5] 拒绝访问。: 'C:\\Users\\XL\\AppData\\Local\\Temp\\pytest-of-XL'

.venv\Lib\site-packages\_pytest\pathlib.py:176: PermissionError
_____________ ERROR at setup of test_confirmation_requires_admin ______________

cls = <class '_pytest.runner.CallInfo'>
func = <function call_and_report.<locals>.<lambda> at 0x000001845D703560>
when = 'setup'
reraise = (<class '_pytest.outcomes.Exit'>, <class 'KeyboardInterrupt'>)

    @classmethod
    def from_call(
        cls,
        func: Callable[[], TResult],
        when: Literal["collect", "setup", "call", "teardown"],
        reraise: type[BaseException] | tuple[type[BaseException], ...] | None = None,
    ) -> CallInfo[TResult]:
        """Call func, wrapping the result in a CallInfo.
    
        :param func:
            The function to call. Called without arguments.
        :type func: Callable[[], _pytest.runner.TResult]
        :param when:
            The phase in which the function is called.
        :param reraise:
            Exception or exceptions that shall propagate if raised by the
            function, instead of being wrapped in the CallInfo.
        """
        excinfo = None
        instant = timing.Instant()
        try:
>           result: TResult | None = func()
                                     ^^^^^^

.venv\Lib\site-packages\_pytest\runner.py:344: 
_ _ _ _ _ _ _ _ _ _ _ _ _ _ _ _ _ _ _ _ _ _ _ _ _ _ _ _ _ _ _ _ _ _ _ _ _ _ _ _
.venv\Lib\site-packages\_pytest\runner.py:246: in <lambda>
    lambda: runtest_hook(item=item, **kwds), when=when, reraise=reraise
            ^^^^^^^^^^^^^^^^^^^^^^^^^^^^^^^
.venv\Lib\site-packages\pluggy\_hooks.py:512: in __call__
    return self._hookexec(self.name, self._hookimpls.copy(), kwargs, firstresult)
           ^^^^^^^^^^^^^^^^^^^^^^^^^^^^^^^^^^^^^^^^^^^^^^^^^^^^^^^^^^^^^^^^^^^^^^
.venv\Lib\site-packages\pluggy\_manager.py:120: in _hookexec
    return self._inner_hookexec(hook_name, methods, kwargs, firstresult)
           ^^^^^^^^^^^^^^^^^^^^^^^^^^^^^^^^^^^^^^^^^^^^^^^^^^^^^^^^^^^^^
.venv\Lib\site-packages\_pytest\logging.py:843: in pytest_runtest_setup
    yield
.venv\Lib\site-packages\_pytest\capture.py:895: in pytest_runtest_setup
    return (yield)
            ^^^^^
.venv\Lib\site-packages\_pytest\runner.py:164: in pytest_runtest_setup
    item.session._setupstate.setup(item)
.venv\Lib\site-packages\_pytest\runner.py:514: in setup
    col.setup()
.venv\Lib\site-packages\_pytest\python.py:1674: in setup
    self._request._fillfixtures()
.venv\Lib\site-packages\_pytest\fixtures.py:719: in _fillfixtures
    item.funcargs[argname] = self.getfixturevalue(argname)
                             ^^^^^^^^^^^^^^^^^^^^^^^^^^^^^
.venv\Lib\site-packages\_pytest\fixtures.py:548: in getfixturevalue
    fixturedef = self._get_active_fixturedef(argname)
                 ^^^^^^^^^^^^^^^^^^^^^^^^^^^^^^^^^^^^
.venv\Lib\site-packages\_pytest\fixtures.py:639: in _get_active_fixturedef
    fixturedef.execute(request=subrequest)
.venv\Lib\site-packages\_pytest\fixtures.py:1083: in execute
    fixturedef = request._get_active_fixturedef(argname)
                 ^^^^^^^^^^^^^^^^^^^^^^^^^^^^^^^^^^^^^^^
.venv\Lib\site-packages\_pytest\fixtures.py:639: in _get_active_fixturedef
    fixturedef.execute(request=subrequest)
.venv\Lib\site-packages\_pytest\fixtures.py:1127: in execute
    result = ihook.pytest_fixture_setup(fixturedef=self, request=request)
             ^^^^^^^^^^^^^^^^^^^^^^^^^^^^^^^^^^^^^^^^^^^^^^^^^^^^^^^^^^^^
.venv\Lib\site-packages\pluggy\_hooks.py:512: in __call__
    return self._hookexec(self.name, self._hookimpls.copy(), kwargs, firstresult)
           ^^^^^^^^^^^^^^^^^^^^^^^^^^^^^^^^^^^^^^^^^^^^^^^^^^^^^^^^^^^^^^^^^^^^^^
.venv\Lib\site-packages\pluggy\_manager.py:120: in _hookexec
    return self._inner_hookexec(hook_name, methods, kwargs, firstresult)
           ^^^^^^^^^^^^^^^^^^^^^^^^^^^^^^^^^^^^^^^^^^^^^^^^^^^^^^^^^^^^^
.venv\Lib\site-packages\pluggy\_callers.py:53: in run_old_style_hookwrapper
    return result.get_result()
           ^^^^^^^^^^^^^^^^^^^
.venv\Lib\site-packages\pluggy\_callers.py:38: in run_old_style_hookwrapper
    res = yield
          ^^^^^
.venv\Lib\site-packages\_pytest\setuponly.py:36: in pytest_fixture_setup
    return (yield)
            ^^^^^
.venv\Lib\site-packages\_pytest\fixtures.py:1195: in pytest_fixture_setup
    result = call_fixture_func(fixturefunc, request, kwargs)
             ^^^^^^^^^^^^^^^^^^^^^^^^^^^^^^^^^^^^^^^^^^^^^^^
.venv\Lib\site-packages\_pytest\fixtures.py:922: in call_fixture_func
    fixture_result = next(generator)
                     ^^^^^^^^^^^^^^^
.venv\Lib\site-packages\_pytest\tmpdir.py:264: in tmp_path
    path = _mk_tmp(request, tmp_path_factory)
           ^^^^^^^^^^^^^^^^^^^^^^^^^^^^^^^^^^
.venv\Lib\site-packages\_pytest\tmpdir.py:251: in _mk_tmp
    return factory.mktemp(name, numbered=True)
           ^^^^^^^^^^^^^^^^^^^^^^^^^^^^^^^^^^^
.venv\Lib\site-packages\_pytest\tmpdir.py:130: in mktemp
    basename = self._ensure_relative_to_basetemp(basename)
               ^^^^^^^^^^^^^^^^^^^^^^^^^^^^^^^^^^^^^^^^^^^
.venv\Lib\site-packages\_pytest\tmpdir.py:111: in _ensure_relative_to_basetemp
    if (self.getbasetemp() / basename).resolve().parent != self.getbasetemp():
        ^^^^^^^^^^^^^^^^^^
.venv\Lib\site-packages\_pytest\tmpdir.py:186: in getbasetemp
    basetemp = make_numbered_dir_with_cleanup(
.venv\Lib\site-packages\_pytest\pathlib.py:407: in make_numbered_dir_with_cleanup
    raise e
.venv\Lib\site-packages\_pytest\pathlib.py:388: in make_numbered_dir_with_cleanup
    p = make_numbered_dir(root, prefix, mode)
        ^^^^^^^^^^^^^^^^^^^^^^^^^^^^^^^^^^^^^
.venv\Lib\site-packages\_pytest\pathlib.py:229: in make_numbered_dir
    max_existing = max(map(parse_num, find_suffixes(root, prefix)), default=-1)
                   ^^^^^^^^^^^^^^^^^^^^^^^^^^^^^^^^^^^^^^^^^^^^^^^^^^^^^^^^^^^^
.venv\Lib\site-packages\_pytest\pathlib.py:188: in extract_suffixes
    for entry in iter:
                 ^^^^
_ _ _ _ _ _ _ _ _ _ _ _ _ _ _ _ _ _ _ _ _ _ _ _ _ _ _ _ _ _ _ _ _ _ _ _ _ _ _ _

root = WindowsPath('C:/Users/XL/AppData/Local/Temp/pytest-of-XL')
prefix = 'pytest-'

    def find_prefixed(root: Path, prefix: str) -> Iterator[os.DirEntry[str]]:
        """Find all elements in root that begin with the prefix, case-insensitive."""
        l_prefix = prefix.lower()
>       for x in os.scandir(root):
                 ^^^^^^^^^^^^^^^^
E       PermissionError: [WinError 5] 拒绝访问。: 'C:\\Users\\XL\\AppData\\Local\\Temp\\pytest-of-XL'

.venv\Lib\site-packages\_pytest\pathlib.py:176: PermissionError
_________________ ERROR at setup of test_api_preview_no_write _________________

cls = <class '_pytest.runner.CallInfo'>
func = <function call_and_report.<locals>.<lambda> at 0x000001845D189120>
when = 'setup'
reraise = (<class '_pytest.outcomes.Exit'>, <class 'KeyboardInterrupt'>)

    @classmethod
    def from_call(
        cls,
        func: Callable[[], TResult],
        when: Literal["collect", "setup", "call", "teardown"],
        reraise: type[BaseException] | tuple[type[BaseException], ...] | None = None,
    ) -> CallInfo[TResult]:
        """Call func, wrapping the result in a CallInfo.
    
        :param func:
            The function to call. Called without arguments.
        :type func: Callable[[], _pytest.runner.TResult]
        :param when:
            The phase in which the function is called.
        :param reraise:
            Exception or exceptions that shall propagate if raised by the
            function, instead of being wrapped in the CallInfo.
        """
        excinfo = None
        instant = timing.Instant()
        try:
>           result: TResult | None = func()
                                     ^^^^^^

.venv\Lib\site-packages\_pytest\runner.py:344: 
_ _ _ _ _ _ _ _ _ _ _ _ _ _ _ _ _ _ _ _ _ _ _ _ _ _ _ _ _ _ _ _ _ _ _ _ _ _ _ _
.venv\Lib\site-packages\_pytest\runner.py:246: in <lambda>
    lambda: runtest_hook(item=item, **kwds), when=when, reraise=reraise
            ^^^^^^^^^^^^^^^^^^^^^^^^^^^^^^^
.venv\Lib\site-packages\pluggy\_hooks.py:512: in __call__
    return self._hookexec(self.name, self._hookimpls.copy(), kwargs, firstresult)
           ^^^^^^^^^^^^^^^^^^^^^^^^^^^^^^^^^^^^^^^^^^^^^^^^^^^^^^^^^^^^^^^^^^^^^^
.venv\Lib\site-packages\pluggy\_manager.py:120: in _hookexec
    return self._inner_hookexec(hook_name, methods, kwargs, firstresult)
           ^^^^^^^^^^^^^^^^^^^^^^^^^^^^^^^^^^^^^^^^^^^^^^^^^^^^^^^^^^^^^
.venv\Lib\site-packages\_pytest\logging.py:843: in pytest_runtest_setup
    yield
.venv\Lib\site-packages\_pytest\capture.py:895: in pytest_runtest_setup
    return (yield)
            ^^^^^
.venv\Lib\site-packages\_pytest\runner.py:164: in pytest_runtest_setup
    item.session._setupstate.setup(item)
.venv\Lib\site-packages\_pytest\runner.py:514: in setup
    col.setup()
.venv\Lib\site-packages\_pytest\python.py:1674: in setup
    self._request._fillfixtures()
.venv\Lib\site-packages\_pytest\fixtures.py:719: in _fillfixtures
    item.funcargs[argname] = self.getfixturevalue(argname)
                             ^^^^^^^^^^^^^^^^^^^^^^^^^^^^^
.venv\Lib\site-packages\_pytest\fixtures.py:548: in getfixturevalue
    fixturedef = self._get_active_fixturedef(argname)
                 ^^^^^^^^^^^^^^^^^^^^^^^^^^^^^^^^^^^^
.venv\Lib\site-packages\_pytest\fixtures.py:639: in _get_active_fixturedef
    fixturedef.execute(request=subrequest)
.venv\Lib\site-packages\_pytest\fixtures.py:1127: in execute
    result = ihook.pytest_fixture_setup(fixturedef=self, request=request)
             ^^^^^^^^^^^^^^^^^^^^^^^^^^^^^^^^^^^^^^^^^^^^^^^^^^^^^^^^^^^^
.venv\Lib\site-packages\pluggy\_hooks.py:512: in __call__
    return self._hookexec(self.name, self._hookimpls.copy(), kwargs, firstresult)
           ^^^^^^^^^^^^^^^^^^^^^^^^^^^^^^^^^^^^^^^^^^^^^^^^^^^^^^^^^^^^^^^^^^^^^^
.venv\Lib\site-packages\pluggy\_manager.py:120: in _hookexec
    return self._inner_hookexec(hook_name, methods, kwargs, firstresult)
           ^^^^^^^^^^^^^^^^^^^^^^^^^^^^^^^^^^^^^^^^^^^^^^^^^^^^^^^^^^^^^
.venv\Lib\site-packages\pluggy\_callers.py:53: in run_old_style_hookwrapper
    return result.get_result()
           ^^^^^^^^^^^^^^^^^^^
.venv\Lib\site-packages\pluggy\_callers.py:38: in run_old_style_hookwrapper
    res = yield
          ^^^^^
.venv\Lib\site-packages\_pytest\setuponly.py:36: in pytest_fixture_setup
    return (yield)
            ^^^^^
.venv\Lib\site-packages\_pytest\fixtures.py:1195: in pytest_fixture_setup
    result = call_fixture_func(fixturefunc, request, kwargs)
             ^^^^^^^^^^^^^^^^^^^^^^^^^^^^^^^^^^^^^^^^^^^^^^^
.venv\Lib\site-packages\_pytest\fixtures.py:922: in call_fixture_func
    fixture_result = next(generator)
                     ^^^^^^^^^^^^^^^
.venv\Lib\site-packages\_pytest\tmpdir.py:264: in tmp_path
    path = _mk_tmp(request, tmp_path_factory)
           ^^^^^^^^^^^^^^^^^^^^^^^^^^^^^^^^^^
.venv\Lib\site-packages\_pytest\tmpdir.py:251: in _mk_tmp
    return factory.mktemp(name, numbered=True)
           ^^^^^^^^^^^^^^^^^^^^^^^^^^^^^^^^^^^
.venv\Lib\site-packages\_pytest\tmpdir.py:130: in mktemp
    basename = self._ensure_relative_to_basetemp(basename)
               ^^^^^^^^^^^^^^^^^^^^^^^^^^^^^^^^^^^^^^^^^^^
.venv\Lib\site-packages\_pytest\tmpdir.py:111: in _ensure_relative_to_basetemp
    if (self.getbasetemp() / basename).resolve().parent != self.getbasetemp():
        ^^^^^^^^^^^^^^^^^^
.venv\Lib\site-packages\_pytest\tmpdir.py:186: in getbasetemp
    basetemp = make_numbered_dir_with_cleanup(
.venv\Lib\site-packages\_pytest\pathlib.py:407: in make_numbered_dir_with_cleanup
    raise e
.venv\Lib\site-packages\_pytest\pathlib.py:388: in make_numbered_dir_with_cleanup
    p = make_numbered_dir(root, prefix, mode)
        ^^^^^^^^^^^^^^^^^^^^^^^^^^^^^^^^^^^^^
.venv\Lib\site-packages\_pytest\pathlib.py:229: in make_numbered_dir
    max_existing = max(map(parse_num, find_suffixes(root, prefix)), default=-1)
                   ^^^^^^^^^^^^^^^^^^^^^^^^^^^^^^^^^^^^^^^^^^^^^^^^^^^^^^^^^^^^
.venv\Lib\site-packages\_pytest\pathlib.py:188: in extract_suffixes
    for entry in iter:
                 ^^^^
_ _ _ _ _ _ _ _ _ _ _ _ _ _ _ _ _ _ _ _ _ _ _ _ _ _ _ _ _ _ _ _ _ _ _ _ _ _ _ _

root = WindowsPath('C:/Users/XL/AppData/Local/Temp/pytest-of-XL')
prefix = 'pytest-'

    def find_prefixed(root: Path, prefix: str) -> Iterator[os.DirEntry[str]]:
        """Find all elements in root that begin with the prefix, case-insensitive."""
        l_prefix = prefix.lower()
>       for x in os.scandir(root):
                 ^^^^^^^^^^^^^^^^
E       PermissionError: [WinError 5] 拒绝访问。: 'C:\\Users\\XL\\AppData\\Local\\Temp\\pytest-of-XL'

.venv\Lib\site-packages\_pytest\pathlib.py:176: PermissionError
___________ ERROR at setup of test_api_access_and_missing_snapshot ____________

cls = <class '_pytest.runner.CallInfo'>
func = <function call_and_report.<locals>.<lambda> at 0x000001845D18B4C0>
when = 'setup'
reraise = (<class '_pytest.outcomes.Exit'>, <class 'KeyboardInterrupt'>)

    @classmethod
    def from_call(
        cls,
        func: Callable[[], TResult],
        when: Literal["collect", "setup", "call", "teardown"],
        reraise: type[BaseException] | tuple[type[BaseException], ...] | None = None,
    ) -> CallInfo[TResult]:
        """Call func, wrapping the result in a CallInfo.
    
        :param func:
            The function to call. Called without arguments.
        :type func: Callable[[], _pytest.runner.TResult]
        :param when:
            The phase in which the function is called.
        :param reraise:
            Exception or exceptions that shall propagate if raised by the
            function, instead of being wrapped in the CallInfo.
        """
        excinfo = None
        instant = timing.Instant()
        try:
>           result: TResult | None = func()
                                     ^^^^^^

.venv\Lib\site-packages\_pytest\runner.py:344: 
_ _ _ _ _ _ _ _ _ _ _ _ _ _ _ _ _ _ _ _ _ _ _ _ _ _ _ _ _ _ _ _ _ _ _ _ _ _ _ _
.venv\Lib\site-packages\_pytest\runner.py:246: in <lambda>
    lambda: runtest_hook(item=item, **kwds), when=when, reraise=reraise
            ^^^^^^^^^^^^^^^^^^^^^^^^^^^^^^^
.venv\Lib\site-packages\pluggy\_hooks.py:512: in __call__
    return self._hookexec(self.name, self._hookimpls.copy(), kwargs, firstresult)
           ^^^^^^^^^^^^^^^^^^^^^^^^^^^^^^^^^^^^^^^^^^^^^^^^^^^^^^^^^^^^^^^^^^^^^^
.venv\Lib\site-packages\pluggy\_manager.py:120: in _hookexec
    return self._inner_hookexec(hook_name, methods, kwargs, firstresult)
           ^^^^^^^^^^^^^^^^^^^^^^^^^^^^^^^^^^^^^^^^^^^^^^^^^^^^^^^^^^^^^
.venv\Lib\site-packages\_pytest\logging.py:843: in pytest_runtest_setup
    yield
.venv\Lib\site-packages\_pytest\capture.py:895: in pytest_runtest_setup
    return (yield)
            ^^^^^
.venv\Lib\site-packages\_pytest\runner.py:164: in pytest_runtest_setup
    item.session._setupstate.setup(item)
.venv\Lib\site-packages\_pytest\runner.py:514: in setup
    col.setup()
.venv\Lib\site-packages\_pytest\python.py:1674: in setup
    self._request._fillfixtures()
.venv\Lib\site-packages\_pytest\fixtures.py:719: in _fillfixtures
    item.funcargs[argname] = self.getfixturevalue(argname)
                             ^^^^^^^^^^^^^^^^^^^^^^^^^^^^^
.venv\Lib\site-packages\_pytest\fixtures.py:548: in getfixturevalue
    fixturedef = self._get_active_fixturedef(argname)
                 ^^^^^^^^^^^^^^^^^^^^^^^^^^^^^^^^^^^^
.venv\Lib\site-packages\_pytest\fixtures.py:639: in _get_active_fixturedef
    fixturedef.execute(request=subrequest)
.venv\Lib\site-packages\_pytest\fixtures.py:1127: in execute
    result = ihook.pytest_fixture_setup(fixturedef=self, request=request)
             ^^^^^^^^^^^^^^^^^^^^^^^^^^^^^^^^^^^^^^^^^^^^^^^^^^^^^^^^^^^^
.venv\Lib\site-packages\pluggy\_hooks.py:512: in __call__
    return self._hookexec(self.name, self._hookimpls.copy(), kwargs, firstresult)
           ^^^^^^^^^^^^^^^^^^^^^^^^^^^^^^^^^^^^^^^^^^^^^^^^^^^^^^^^^^^^^^^^^^^^^^
.venv\Lib\site-packages\pluggy\_manager.py:120: in _hookexec
    return self._inner_hookexec(hook_name, methods, kwargs, firstresult)
           ^^^^^^^^^^^^^^^^^^^^^^^^^^^^^^^^^^^^^^^^^^^^^^^^^^^^^^^^^^^^^
.venv\Lib\site-packages\pluggy\_callers.py:53: in run_old_style_hookwrapper
    return result.get_result()
           ^^^^^^^^^^^^^^^^^^^
.venv\Lib\site-packages\pluggy\_callers.py:38: in run_old_style_hookwrapper
    res = yield
          ^^^^^
.venv\Lib\site-packages\_pytest\setuponly.py:36: in pytest_fixture_setup
    return (yield)
            ^^^^^
.venv\Lib\site-packages\_pytest\fixtures.py:1195: in pytest_fixture_setup
    result = call_fixture_func(fixturefunc, request, kwargs)
             ^^^^^^^^^^^^^^^^^^^^^^^^^^^^^^^^^^^^^^^^^^^^^^^
.venv\Lib\site-packages\_pytest\fixtures.py:922: in call_fixture_func
    fixture_result = next(generator)
                     ^^^^^^^^^^^^^^^
.venv\Lib\site-packages\_pytest\tmpdir.py:264: in tmp_path
    path = _mk_tmp(request, tmp_path_factory)
           ^^^^^^^^^^^^^^^^^^^^^^^^^^^^^^^^^^
.venv\Lib\site-packages\_pytest\tmpdir.py:251: in _mk_tmp
    return factory.mktemp(name, numbered=True)
           ^^^^^^^^^^^^^^^^^^^^^^^^^^^^^^^^^^^
.venv\Lib\site-packages\_pytest\tmpdir.py:130: in mktemp
    basename = self._ensure_relative_to_basetemp(basename)
               ^^^^^^^^^^^^^^^^^^^^^^^^^^^^^^^^^^^^^^^^^^^
.venv\Lib\site-packages\_pytest\tmpdir.py:111: in _ensure_relative_to_basetemp
    if (self.getbasetemp() / basename).resolve().parent != self.getbasetemp():
        ^^^^^^^^^^^^^^^^^^
.venv\Lib\site-packages\_pytest\tmpdir.py:186: in getbasetemp
    basetemp = make_numbered_dir_with_cleanup(
.venv\Lib\site-packages\_pytest\pathlib.py:407: in make_numbered_dir_with_cleanup
    raise e
.venv\Lib\site-packages\_pytest\pathlib.py:388: in make_numbered_dir_with_cleanup
    p = make_numbered_dir(root, prefix, mode)
        ^^^^^^^^^^^^^^^^^^^^^^^^^^^^^^^^^^^^^
.venv\Lib\site-packages\_pytest\pathlib.py:229: in make_numbered_dir
    max_existing = max(map(parse_num, find_suffixes(root, prefix)), default=-1)
                   ^^^^^^^^^^^^^^^^^^^^^^^^^^^^^^^^^^^^^^^^^^^^^^^^^^^^^^^^^^^^
.venv\Lib\site-packages\_pytest\pathlib.py:188: in extract_suffixes
    for entry in iter:
                 ^^^^
_ _ _ _ _ _ _ _ _ _ _ _ _ _ _ _ _ _ _ _ _ _ _ _ _ _ _ _ _ _ _ _ _ _ _ _ _ _ _ _

root = WindowsPath('C:/Users/XL/AppData/Local/Temp/pytest-of-XL')
prefix = 'pytest-'

    def find_prefixed(root: Path, prefix: str) -> Iterator[os.DirEntry[str]]:
        """Find all elements in root that begin with the prefix, case-insensitive."""
        l_prefix = prefix.lower()
>       for x in os.scandir(root):
                 ^^^^^^^^^^^^^^^^
E       PermissionError: [WinError 5] 拒绝访问。: 'C:\\Users\\XL\\AppData\\Local\\Temp\\pytest-of-XL'

.venv\Lib\site-packages\_pytest\pathlib.py:176: PermissionError
============================== warnings summary ===============================
tests/test_safe_alembic.py: 11 warnings
  C:\Users\XL\dlx-yuki-wms\backend\.venv\Lib\site-packages\alembic\config.py:598: DeprecationWarning: No path_separator found in configuration; falling back to legacy splitting on spaces, commas, and colons for prepend_sys_path.  Consider adding path_separator=os to Alembic config.
    util.warn_deprecated(

.venv\Lib\site-packages\_pytest\cacheprovider.py:475
  C:\Users\XL\dlx-yuki-wms\backend\.venv\Lib\site-packages\_pytest\cacheprovider.py:475: PytestCacheWarning: cache could not write path C:\Users\XL\dlx-yuki-wms\backend\.pytest_cache\v\cache\nodeids: [Errno 13] Permission denied: 'C:\\Users\\XL\\dlx-yuki-wms\\backend\\.pytest_cache\\v\\cache\\nodeids'
    config.cache.set("cache/nodeids", sorted(self.cached_nodeids))

.venv\Lib\site-packages\_pytest\cacheprovider.py:429
  C:\Users\XL\dlx-yuki-wms\backend\.venv\Lib\site-packages\_pytest\cacheprovider.py:429: PytestCacheWarning: cache could not write path C:\Users\XL\dlx-yuki-wms\backend\.pytest_cache\v\cache\lastfailed: [Errno 13] Permission denied: 'C:\\Users\\XL\\dlx-yuki-wms\\backend\\.pytest_cache\\v\\cache\\lastfailed'
    config.cache.set("cache/lastfailed", self.lastfailed)

-- Docs: https://docs.pytest.org/en/stable/how-to/capture-warnings.html
- generated xml file: C:\Users\XL\dlx-yuki-wms\docs\evidence\dispatch-candidate-final-20261007-1548\backend-junit.xml -
=========================== short test summary info ===========================
ERROR tests/test_dispatch_policy_config.py::test_cli_template_and_validation_are_offline[FBA]
ERROR tests/test_dispatch_policy_config.py::test_cli_template_and_validation_are_offline[PRIVATE]
ERROR tests/test_migration_safety.py::test_same_and_cross_file_duplicate_and_legal_details
ERROR tests/test_migration_safety.py::test_revision_conflict_update_and_reverse_update
ERROR tests/test_migration_safety.py::test_business_collision_rejected_atomically
ERROR tests/test_migration_safety.py::test_history_no_stock_and_safe_rollback
ERROR tests/test_migration_safety.py::test_downstream_change_blocks_rollback
ERROR tests/test_migration_safety.py::test_new_receipt_stock_blocks_batch_rollback
ERROR tests/test_migration_safety.py::test_unknown_opening_balance_is_not_accepted
ERROR tests/test_migration_safety.py::test_legacy_import_without_identity_blocks_new_batch
ERROR tests/test_ocean_inbound.py::test_inbound_attachments_versions_download_and_scope
ERROR tests/test_phase8_import.py::test_streaming_selected_sheet_only_and_preview_limit
ERROR tests/test_phase8_import.py::test_ol_multi_fc_multi_location_kg_fallback_and_progress
ERROR tests/test_phase8_import.py::test_file_hash_row_fingerprint_and_duplicate_warning
ERROR tests/test_phase8_import.py::test_large_batch_validation_and_error_export
ERROR tests/test_phase8_import.py::test_ol_confirm_trace_multi_location_and_idempotency
ERROR tests/test_phase8_import.py::test_outbound_external_references_do_not_generate_picking_or_bol
ERROR tests/test_phase8_import.py::test_ds_unverified_remaining_business_is_blocked
ERROR tests/test_phase_10_7_documents.py::test_explicit_upload_claims_must_match_inferred_relations[claim0]
ERROR tests/test_phase_10_7_documents.py::test_explicit_upload_claims_must_match_inferred_relations[claim1]
ERROR tests/test_phase_10_7_documents.py::test_explicit_upload_claims_must_match_inferred_relations[claim2]
ERROR tests/test_phase_10_7_documents.py::test_explicit_upload_claims_must_match_inferred_relations[claim3]
ERROR tests/test_phase_10_7_documents.py::test_upload_list_download_events_and_pod_does_not_change_outbound
ERROR tests/test_phase_10_7_documents.py::test_version_supersedes_business_document_while_general_files_coexist
ERROR tests/test_phase_10_7_documents.py::test_upload_safety_size_limit_path_traversal_and_compensating_cleanup
ERROR tests/test_phase_10_7_documents.py::test_viewer_can_read_and_download_but_cannot_upload_or_archive
ERROR tests/test_phase_10_7_documents.py::test_cross_warehouse_relations_are_rejected_and_work_order_documents_are_supported
ERROR tests/test_phase_10_7_documents.py::test_global_search_finds_document_number_filename_and_generated_bol_title
ERROR tests/test_wps_link_confirmation.py::test_confirmation_preserves_inventory_and_rejects_replay
ERROR tests/test_wps_link_confirmation.py::test_stale_or_wrong_confirmation_is_rejected[record]
ERROR tests/test_wps_link_confirmation.py::test_stale_or_wrong_confirmation_is_rejected[snapshot]
ERROR tests/test_wps_link_confirmation.py::test_stale_or_wrong_confirmation_is_rejected[candidate]
ERROR tests/test_wps_link_confirmation.py::test_stale_or_wrong_confirmation_is_rejected[token]
ERROR tests/test_wps_link_confirmation.py::test_confirmation_requires_admin
ERROR tests/test_wps_review.py::test_api_preview_no_write - PermissionError: ...
ERROR tests/test_wps_review.py::test_api_access_and_missing_snapshot - Permis...
385 passed, 1 skipped, 13 warnings, 36 errors in 55.77s
